328295236,https://soundcloud.com/katomori10/ever,KATOMORI,Ever
493711812,https://soundcloud.com/kiraramagic/moe-punch,Kirara Magic,Moe Punch
517029684,https://soundcloud.com/kiraramagic/blue-square,Kirara Magic,Blue Square
544857858,https://soundcloud.com/kiraramagic/happy-kiraramagic-remix,Kirara Magic,HAPPY!!„Çπ„Éà„É¨„É≥„Ç∏„Éï„É¨„É≥„Ç∫ (Kiraramagic Remix)
540580320,https://soundcloud.com/akibanime/elliot-hsu-akiba-ver,Akiba,Elliot Hsu - Â§¢„ÅÆ„Åã„Åü„Å° ( Akiba Ver. )
338844787,https://soundcloud.com/confide/echo,confide,echo
350326423,https://soundcloud.com/confide/fly-away-with-me,confide,fly away with me
438578100,https://soundcloud.com/djdogtreat/keha-wherever-you-are-dj-dogtreat-bootleg,dj dogtreat,Ke$ha - Wherever You Are (dj dogtreat bootleg)
337181559,https://soundcloud.com/fallenshrine/piccolo-x-fallen-shirne-no-sleep,Fallen Shrine,P√¨ccolo X Fallen Shirne - ÂÖ®„ÅèÂØù„Å¶„Å™„ÅÑ [NO SLEEP]
357138719,https://soundcloud.com/nonstopnxc/nxc105,NON STOP NXC¬Æ,NXC105 - VIRTUAL SELF - GHOST VOICES (djX CLUBCORE EDIT)
249753615,https://soundcloud.com/lil-baeblade/lovelovelove,Lil' BaeBlade,lovelovelove
265185072,https://soundcloud.com/spngecake/d0nt-leave,sponge cake,d0nt leave
257651013,https://soundcloud.com/miiunxc/n0w-0r-n3v3r,miiu,n0w 0r n3v3r
411982560,https://soundcloud.com/kowaremashita210/more-one-night-remix,Â£ä„Çå„Åæ„Åó„Åü,More One Night (Remix)
325353509,https://soundcloud.com/suzumiyaharuhi/melt,‚úæHaruhi Suzumiya‚úæ,‚ù§Ô∏è‚ù£Ô∏è‚ù§Ô∏èmelt‚ù§Ô∏è‚ù£Ô∏è‚ù§Ô∏è
337545304,https://soundcloud.com/suzumiyaharuhi/neimuoburabu,‚úæHaruhi Suzumiya‚úæ,‚ù§Ô∏èüìõ‚ù§Ô∏è„Ç§„É≥„Ç∂„Éç„Ç§„É†„Ç™„Éñ„É©„Éñ‚ù§Ô∏èüìõ‚ù§Ô∏è
539693142,https://soundcloud.com/polcka/free-to-see-the-future-polcka-remix,Polcka,[FREE]„É¨„É≥ÔºàÊ•†Êú®„Å®„ÇÇ„ÇäÔºâ- To see the future (Polcka Remix)
254999857,https://soundcloud.com/nxcthot/real-love,nxcthot,real love‚ô•Ô∏é
297500500,https://soundcloud.com/imlay/imlay-mylk-flower-flower,IMLAY,IMLAY & MYLK - Flower Flower
328557174,https://soundcloud.com/mylkofficial/unite-original-mix,MYLK,Unite (Original Mix) [We <3 MCR & LDN]
187003725,https://soundcloud.com/mylkofficial/sky-fi-without-you-original-mix,MYLK,Without You (Original Mix)
220649394,https://soundcloud.com/mylkofficial/let-you-go-original-mix,MYLK,Let You Go (Original Mix)
221680281,https://soundcloud.com/mylkofficial/dream-catcher-original-mix-1,MYLK,Dream Catcher (Original Mix)
480759963,https://soundcloud.com/mylkofficial/waffle-wave,MYLK,Waffle Wave (Original Mix)
293498892,https://soundcloud.com/fallenshrine/love-0n-me,Fallen Shrine,Love 0n Me
295880406,https://soundcloud.com/pedicure-records/pd-s75-aquiss-t0ky0,PEDICURE RECORDS,pd-s75: aquiSS - T0kY0
252803346,https://soundcloud.com/nxcpuppy/marinetti-x-ducky-1,puppynxc,puppy treats 02
287029709,https://soundcloud.com/nightcore-zine/miiu-c4nt-f1ght-1t,The Nightcore Zine,miiu - c4nt f1ght 1t
462865530,https://soundcloud.com/nxcnation/android-28-sweetdreams-ntn5,nxc nation,Android 28 - SweetDreams [ntn5]
329804839,https://soundcloud.com/g-soiid/you-do,g‚ô°soiid's goodie bag!,you do‚ô°
391974552,https://soundcloud.com/g-soiid/g3tcha-way,g‚ô°soiid's goodie bag!,G3TCHA WAY
317666043,https://soundcloud.com/snowman_emoji/turn-me-on,ice bb,turn m3 0n
230406354,https://soundcloud.com/djdjtanner/rly-rly,DJ DJ Tanner,rly rly
304667039,https://soundcloud.com/confide/looking-glass,confide,looking glass
203493184,https://soundcloud.com/nor_sc/ollygon-sunny-shores-nor-remix,Nor,Ollygon - Sunny Shores (Nor Remix)
295218795,https://soundcloud.com/mylkofficial/mylk-kiradoki-harmony-1,MYLK,Kiradoki Harmony (Original Mix)
545619819,https://soundcloud.com/miikosan/your-reality,Miiko,Team Salvato ‚Äì Your Reality (ft. LilyPichu)[Miiko Remix](Short Ver.)
482356680,https://soundcloud.com/miikosan/yuce-summer-lover-bubble-tea-remake-1,Miiko,YUC'e - Summer Lover (Miiko Remake)
564338022,https://soundcloud.com/miikosan/marry-me,Miiko,picco - Marry Me (Miiko Remix)
234201477,https://soundcloud.com/adderallmusic/alive,ADDERALL,alive
236229167,https://soundcloud.com/adderallmusic/burnt-rice,ADDERALL,BURNT RICE
239916207,https://soundcloud.com/adderallmusic/xtc-ft-glossy,ADDERALL,XTC - FT. GLOSSY
240611164,https://soundcloud.com/glossymusic/your-type-wadderall,GLOSSY,Your Type w/ADDERALL
563089047,https://soundcloud.com/robkta/danger-ride-ft-glxy-girlselfie-usa-releasing-february-5th,RoBKTA,Danger Ride (ft GLXY GIRL)
543845754,https://soundcloud.com/dartokki/dartokki-zxnx-pillow-fight,DarTokki‚ú®,DarTokki & ZxNX - Pillow Fight
471391065,https://soundcloud.com/puppywuv2/suckdispussy,‚òÜpuppy¬≤‚òÜ,‚ÑìŒπ¬¢–∫ Œπ—Ç gœÉœÉ‚àÇüëÖüí¶
475249122,https://soundcloud.com/nxcnation/ntn8,nxc nation,puppy - œÉ–Ω —ï–Ω!—Ç [ntn8]
523127283,https://soundcloud.com/takashimatty/little-riddle-takashima-remix,takashima,Little Riddle (takashima Remix)
263298872,https://soundcloud.com/lil-baeblade/i-know-i-need-somebody,Lil' BaeBlade,I Know I Need Somebody ft. underd0g
531645360,https://soundcloud.com/tastyyyyyy/more-one_tasty,Tasty Rhythm,Girls Last Tour - More One Night „ÄêTasty Rhythm Bootleg„Äë
540437424,https://soundcloud.com/shot-bass-records/dj-wildparty-elu,DJ_WILDPARTY,DJ WILDPARTY - Elu
518304960,https://soundcloud.com/hikeii/lil-mosey-noticed-hikeii-flip,@hikeii,lil mosey // noticed (@hikeii flip)
516675108,https://soundcloud.com/bozz_zange_f/tsubusare-bozz-dreamworld-feat-madoka,Tsubusare BOZZ,DreamWorld feat. madoka*
346586939,https://soundcloud.com/fallenshrine/symfony,Fallen Shrine,SYMPHONY
287029726,https://soundcloud.com/nightcore-zine/coy-peach-k33p-c4lm,The Nightcore Zine,Coy Peach - k33p c4lm
386119271,https://soundcloud.com/xtreme2themax/lolica-tonica-eyes-on-you-djx-bootleg,djX,LOLICA TONICA - EYES ON YOU (djX BOOTLEG)
302777931,https://soundcloud.com/hakaisdead/haka43-kero-kero-bonito-lipslap-t5umut5umu-x-ghozt-remix-t5umut5umu-itz_ghozt,HAKA [@HAKAisDEAD],HAKA43 - Kero Kero Bonito - Lipslap (T5UMUT5UMU x GHOZT Remix) -@T5UMUT5UMU @Itz_GHOZT
234372507,https://soundcloud.com/shhyyy/gurl-i-knew-ft-lil-baeblade-1,s h y,gurl i knew ft. Lil' BaeBlade
270205789,https://soundcloud.com/2tonedisco/tummy-treasures-ft-ducky,2ToneDisco,Tummy Treasures Ft. Ducky
524322822,https://soundcloud.com/amanon_f/berry-happy,*Amanon*,BERRY & HAPPY!!(Ver.1.01)
532143792,https://soundcloud.com/kowaremashita210/free-akitaimokko-dungeon-edit,Â£ä„Çå„Åæ„Åó„Åü,Êµ∑ËÄÅÂêç„Å°„ÇÉ„Çì„ÅÆ„Éï„É™„ÉºÁßãÁî∞Â¶π„ÉÄ„É≥„Ç∏„Éß„É≥ (Edit)
337973474,https://soundcloud.com/omoidelabel/lights-outpiccolo-eqal-bootleg,OMOIDE LABEL,Zomboy - Lights Out(p√¨ccolo √ó eqal Bootleg)
250068982,https://soundcloud.com/smilesuk/platinum_luv,smilesuk,platinum_luv_ ft SURATI
316131588,https://soundcloud.com/foxsky/kehlani-undercover-foxskys-all-claws-no-pause-bootleg,foxsky,kehlani - undercover [foxsky's ALL CLAWS NO PAUSE Bootleg]
440307000,https://soundcloud.com/puppywuv/u-i,‚òÜpuppy‚òÜ,(Íàç ·¥ó Íàç‚úø) ‚ô• u & i ‚ô•
455410926,https://soundcloud.com/puppywuv/gimmegimme,‚òÜpuppy‚òÜ,gŒπ–º–º—î œÖ—è ‚ÑìœÖŒΩ <3
530228007,https://soundcloud.com/dj-nijinoyume/perfume-everyday-aiobahn-remix-remastered,DJ ËôπÈáé„ÇÜ„ÇÅ,Perfume - Everyday (Aiobahn Remix) [Remastered]
203239346,https://soundcloud.com/babeisland/xtc,babeisland,x/t/c
265560361,https://soundcloud.com/skinsparty/for-once-in-my-life,skins party,for once in my life
269777642,https://soundcloud.com/160club/s004,160 CLUB,DEVON - PARTY
274208210,https://soundcloud.com/powerfood/u-r-life,YONEDA,u r Life
163915041,https://soundcloud.com/ponibbi/heartskip,Ponibbi,HEARTSKIP
231011372,https://soundcloud.com/powerfood/marry-that-girl,YONEDA,Marry That Girl
228152635,https://soundcloud.com/unpetrify/galactic,unpetrify,galactic
473238033,https://soundcloud.com/djsliceoflife/shiawase-colors,DJ Slice of Life,Shiawase Colors
502530981,https://soundcloud.com/kowaremashita210/eyes-on-the-future,Â£ä„Çå„Åæ„Åó„Åü,Eyes on the future
216850852,https://soundcloud.com/cooltweens/sweeter-talk,cool ‚ú® tweens,sweet talk
318609817,https://soundcloud.com/gasoiid/know-is-you,g‚ô°soiid,TJANI - Pad Thai (feat. Gracie) [G‚ô°soiid & Kyubae NXC Edit]
225261687,https://soundcloud.com/tacoyamigos/all-i-can-think,taco y amigos,all i can think (kurama x lil baeblade x taco emoji)
507895797,https://soundcloud.com/813/booby-bounce,Eight One Three üç≠,Booby Bounce
286627861,https://soundcloud.com/foxsky/vyzee,foxsky,Sophie - Vyzee (foxsky's DISTORT UR LIFE Bootleg) [NEST HQ Premiere]
242813930,https://soundcloud.com/palettes/bouncebabes,Palettes,Crapface x ZEN - Bounce Babes
205913712,https://soundcloud.com/coolteens/runaround,Cool ‚ú® Teens,runaround
228871441,https://soundcloud.com/underd0ge/break-a-sweat,underd0g,cute boys - break a sweat (underd0g edit)
245122686,https://soundcloud.com/tacoemoji/date,tacoemoji,p I a y d a t e
265350968,https://soundcloud.com/pure100/sophie-x-esq-lemonade-pure-100-flip,‚ùÄ Pure 100% ‚ùÄ („Éî‚Ä¢„É•‚Ä¢„Ç¢),SOPHIE x ESQ - Lemonade (Pure 100% Flip)
226512895,https://soundcloud.com/crapface/crapface-x-zen,CRAPFACE,crapface x ZEN - luv u tara
270874628,https://soundcloud.com/powerfood/woo-ahh,YONEDA,Woo Ahh
226153413,https://soundcloud.com/skinny-mctoothpick/seapunk-dolphin-emoji-ft-dj-sethy-1,Skinny McToothpick,Seapunk Dolphin Emoji
507261435,https://soundcloud.com/akofromlo/sweet-hurt-shio-chan-lovelove-bootleg,Mokelmbe,SWEET HURT(Mokelmbe Edit)
507242250,https://soundcloud.com/4lung/puppy-lasagna-cow-hype-2k18-1,4lung,Puppy Lasagna (Cow Hype 2K18)
507034914,https://soundcloud.com/jerseykurabu/iffy-kimo-ota-kingdom-hurts-remix,„Ç∏„É£„Éº„Ç∏„ÉºÂÄ∂Ê•ΩÈÉ®,Iffy( kimo ota & KINGDOM-HURTS remix )
256651821,https://soundcloud.com/activia-benz/05-miss-me,Activia Benz,05 Miss Me [NEST HQ Premiere]
210553589,https://soundcloud.com/ednxc/on-my-wy,FSTVŒõL,ON MY WŒõY!
490699266,https://soundcloud.com/gmtn/furioso-melodia-2017-wip,gmtn.,furioso melodia (2017 VIP)- witch's slave
503081205,https://soundcloud.com/charmyclub/charm-caster,Charm Caster,Charm Caster
261736453,https://soundcloud.com/lasting-2/where,Lasting,Where
227425562,https://soundcloud.com/lasting-2/i-dont-need-anyone,Lasting,I Don't Need Anyone
225851946,https://soundcloud.com/lasting-2/all-my-love,Lasting,All My Love
346414232,https://soundcloud.com/g-soiid/p1eces-ft-baby,g‚ô°soiid's goodie bag!,P1ECES  (ft. ‚òæ Baby)
378624170,https://soundcloud.com/bacchus_f/bbbb,taurine 1000,bb‚ô°bb
310532820,https://soundcloud.com/nonstopnxc/nxc073,NON STOP NXC¬Æ,NXC073 - Taurine 1000 - Cover Up
330778944,https://soundcloud.com/moonbabyakaspaceboi/without-you,‚òæ Baby,ÔΩóÔΩâÔΩîÔΩàÔΩèÔΩïÔΩî ÔΩôÔΩèÔΩï
333901079,https://soundcloud.com/djcodelyoko/say-ok-lyoko-edit,dj code lyoko,say ok (lyoko edit)
403225185,https://soundcloud.com/djcodelyoko/airplane-love,dj code lyoko,airplane, love
441606045,https://soundcloud.com/pedicure-records/pd-s129-dj-yokai-watch-luv-u-morrre,PEDICURE RECORDS,pd-s129: DJ YOKAI WATCH - LUV U MORRRE
455479179,https://soundcloud.com/hikeii/better-not,@hikeii,Louis The Child - Better Not (feat. Wafia) [Hikeii Remix]
445390326,https://soundcloud.com/fallenshrine/i-dont-give-a-fck,Fallen Shrine,I don't give a fck
461458635,https://soundcloud.com/fallenshrine/fallen-shrine-gsoiid-play-dat-s4x,Fallen Shrine,Fallen Shrine & G‚ô°soiid: PLAY DAT - S4X -
467719137,https://soundcloud.com/fallenshrine/sing-to-me-1,Fallen Shrine,Sing to me
490797735,https://soundcloud.com/lost-kids-au/after-all-original-mix,Lost Kids,After All (Original Mix)
489465609,https://soundcloud.com/kernkraft-records-official/mariline-soda-better-me,Kernkraft Records,Mariline & Soda - Better Me (ft. Duncan Johnson)
439457349,https://soundcloud.com/weirdnxc/01-sunshine-vendetta-rave-on,ùô¨ùôöùôûùôßùôô ùô£ùô≠ùôò¬Æ,01 - Sunshine Vendetta - Rave On
468536718,https://soundcloud.com/bacchus_f/baam,taurine 1000,baam!
460908222,https://soundcloud.com/hylenvipkuso/skys-the-limitxhx-rework,XHX(Hylen_VIP,Bootleg),sky's the limit(XHX Rework)
290998282,https://soundcloud.com/nxcnov16/nxcnov01,NXCNOV 2016,JR - SWIMMING POOL
327632651,https://soundcloud.com/chineseslippers/v1ntg3,Chinese Slippers,V1nt@g3
258456558,https://soundcloud.com/for_u_nxc/1-2-3-4u,for U,1 2 3 4(U)
244791043,https://soundcloud.com/unpetrify/burn,unpetrify,burn
260378362,https://soundcloud.com/crapface/crapface-x-kid-froopy-idky-1,CRAPFACE,crapface x kid froopy - IDKY
287257087,https://soundcloud.com/nightcorgi/r3unite-nightcorgi-x-lil-baeblade,nightcorgi,r3unite - NightCorgi x Lil BaeBlade
255675651,https://soundcloud.com/nxcmansion/my_j_m,NXC MANSION,smilesuk - my_j_m
178098229,https://soundcloud.com/vnic0rn/ponibbi-heartskip-vnic0rn-edit,VNIC0RN,ponibbi - HEARTSKIP (VNIC0RN Remix) (FREE D/L)
191085584,https://soundcloud.com/maltine-record/chroma-kei-everyday-feat-sarah-bonito,Maltine Records,Chroma-kei - Everyday (feat. Sarah Bonito)
194221098,https://soundcloud.com/digital-diary/heroes-3,DIGITAL//DIARY,heroes <3
330750207,https://soundcloud.com/fallenshrine/lil-baeblade-x-fallen-shrine-cant-define-our-luv,Fallen Shrine,Lil' BaeBlade X Fallen Shrine - Can't define our luv
189355176,https://soundcloud.com/nightcorey/make-me-go,nightcorey,Make Me Go
241066324,https://soundcloud.com/powerfood/bitch,YONEDA,Bitch
237153921,https://soundcloud.com/baby_teeth/nobody-2-luv-asukaft-starfin,babyteeth,nobody 2 luv (asuka)ft STARFIN
235346292,https://soundcloud.com/beachdaysongs/plus-0ne-ft-babeisland,beachday,plus 0ne ft. babeisland
241086125,https://soundcloud.com/loving-01/world,loving,WORLD
346731494,https://soundcloud.com/pedicure-records/pd-s112-dzz-her-loop-ft-danika-ghozt-160-edit,PEDICURE RECORDS,pd-s112: DZZ - Her Loop ft. danika (Ghozt 160 Edit)
355206119,https://soundcloud.com/nxcnov17/nxcnov13,NXCNOV 2017,BUNNY EMOJI - M3 & Y0U
355712762,https://soundcloud.com/nxcnov17/nxcnov14,NXCNOV 2017,GHOZT - OK DREAM
359078831,https://soundcloud.com/nxcnov17/nxcnov21,NXCNOV 2017,ANDROID BOYFRIEND - FLOWER FLOWER
349767895,https://soundcloud.com/nxcnov17/nxcnov01,NXCNOV 2017,G‚ô°SOIID - EV3RYT!M3
248190744,https://soundcloud.com/palettes/purrfect,Palettes,Crapface - Purrfect
358565198,https://soundcloud.com/nxcnov17/nxcnov20,NXCNOV 2017,PUPPYNXC - SUMMMMER
246908181,https://soundcloud.com/nitecorp/nightcorey-all-nite,NITE CORP.,nightcorey - All Nite
270952649,https://soundcloud.com/tacoyamigos/halr-crapface-x-taco-emoji,taco y amigos,HAlR (crapface x taco emoji)
208779697,https://soundcloud.com/m-s-doog/ms-doog-crush-on-tu,M.S. DOOG Ôíï,M.S. DOOG - Crush On Tu
216228018,https://soundcloud.com/flyaheart/b3w1thu,‚âàflyaheart‚âà,B3w1thU
216172610,https://soundcloud.com/henrik-the-artist/on-the-moon,Henrik the Artist,On the Moon
216123160,https://soundcloud.com/babeisland/babed-beggin-for-thread-gryffin-hotel-garuda-remix-nxc-1,babeisland,babe'n for thread
177562766,https://soundcloud.com/davirtualbrat/kissin-u,virtual brat,Kissin U
257648602,https://soundcloud.com/3xnerd/cl34r,NERD!NERD!NERD!,cl34r
255821678,https://soundcloud.com/skinny-mctoothpick/spread-ur-wings-160-suns-1,Skinny McToothpick,Spread Ur Wings (160 Suns)
279768269,https://soundcloud.com/breademoji/broccoli,bread emoji,broccoli
234489711,https://soundcloud.com/slime-girls/no-summer-no-cry-06-you-belong,Slime Girls,YOU BELONG
331776383,https://soundcloud.com/breademoji/b-someone-else-b-yr-self,bread emoji,b someone else, b yr self
263469451,https://soundcloud.com/baby-emoji/gay,baby emoji,gay
245514520,https://soundcloud.com/breademoji/br3ak-fr33-gal-entines-day-nxc-refix,bread emoji,Br3ak Fr33 (Gal-entines Day NxC refix)
125755812,https://soundcloud.com/curlup/yolobearremix,curl up,DJ Yolo Bear - Make U Touch My (curl up rePLUR)
310142918,https://soundcloud.com/breademoji/3-b00m-b00m-3,bread emoji,:3 b00m b00m :3
226642545,https://soundcloud.com/golf-club/k-bow-somebody,GCW,K-Bow - Somebody
318589229,https://soundcloud.com/cuepeedog/perfume-kasukanakaori-kimo-ota-cuepeedog-remix,cuepeedog,Perfume - ÂæÆ„Åã„Å™„Ç´„Ç™„É™ [‚ú®kimo ota‚ú® & CUEPEEDOG REMIX]
282871968,https://soundcloud.com/skinsparty/thinkingofu,skins party,thinking of u
257438130,https://soundcloud.com/adderallmusic/neverland,ADDERALL,NEVERLAND
208476302,https://soundcloud.com/sum-69/5more,sum69,5 M‚ô°≈î∆ê ƒ§‚ô°∆±≈îS
322268808,https://soundcloud.com/fallenshrine/1u-nxc,Fallen Shrine,1U NXC
385065659,https://soundcloud.com/fallenshrine/in-my-way-fallen-shrine-remix-1,Fallen Shrine,In My Way (Fallen Shrine Remix)
356224856,https://soundcloud.com/fallenshrine/dont-stop-the-love,Fallen Shrine,Don't stop the love
316087515,https://soundcloud.com/katagiri/ch3rry,katagiri,ch3rry
346084630,https://soundcloud.com/osirasekita/no-no-no-de-beach,osirasekita,NO NO NO De Beach (osirasekita 160 Edit)
346072356,https://soundcloud.com/mtell/yunomi-feat-toriena-mtell-remix,Mtell,Yunomi - Â§ßÊ±üÊà∏„Ç≥„É≥„Éà„É≠„Éº„É©„Éº Feat. TORIENA (Mtell Remix)
344427025,https://soundcloud.com/hugki/gamershugkiss-boot,hugkiss,GAMERS!(HUGKISS Boot)
306764677,https://soundcloud.com/nenpulse/japaripark,nenpulse,„Åë„ÇÇ„ÅÆ„Éï„É¨„É≥„Ç∫ OP - „Çà„ÅÜ„Åì„Åù„Ç∏„É£„Éë„É™„Éë„Éº„ÇØ„Å∏ (nenpulse bootleg remix)
346993514,https://soundcloud.com/kowaremashita210/vanilla-remix-demo,Â£ä„Çå„Åæ„Åó„Åü,„Éê„Éã„É©„ÅÆÊ≠å (Remix) demo
279466346,https://soundcloud.com/cakenxc/tuxedo-cake,Cake,tuxedo cake
322279316,https://soundcloud.com/djdjtanner/still-in-the-g4me,DJ DJ Tanner,still in the g4me
211095323,https://soundcloud.com/sodaisland/grynpyret-boba-beach,Soda Island,Grynpyret - Boba Beach
313210134,https://soundcloud.com/nachoemoji/dont-turn-out-the-light-darkseid,nacho emoji,darkseid
369844352,https://soundcloud.com/nenpulse/ugoku,nenpulse,Â∞ëÂ•≥ÁµÇÊú´ÊóÖË°å OP - Âãï„Åè„ÄÅÂãï„Åè (nenpulse bootleg remix)
219901240,https://soundcloud.com/davirtualbrat/bubblez,virtual brat,bubblez
218776839,https://soundcloud.com/tacoyamigos/be-like-crapface-x-taco-emoji,taco y amigos,be like (crapface x taco emoji)
206751674,https://soundcloud.com/pr3ttybitch/pr3tty-bitch-x-sign-offline-escap3,PR3TTY  BITCH,PR3TTY BITCH x sign offline ~ ESCAP3
343884551,https://soundcloud.com/pedicure-records/mahoudreams-tonight,PEDICURE RECORDS,mahoudreams - TONIGHT
343884708,https://soundcloud.com/pedicure-records/mahoudreams-want-u-2,PEDICURE RECORDS,mahoudreams - WANT U 2
343884905,https://soundcloud.com/pedicure-records/mahoudreams-right-here,PEDICURE RECORDS,mahoudreams - RIGHT HERE
348905942,https://soundcloud.com/pedicure-records/pd-s114-gsoiid-x-more-sugar-lullabye,PEDICURE RECORDS,pd-s114: g‚ô°soiid x more Ôºüsugar - LULLABYE üí§
305007317,https://soundcloud.com/nitecorp/picture-us-what-i-like-about,NITE CORP.,Picture Us - What I Like About You
222268882,https://soundcloud.com/nitecorp/aamourocean-ure-not-alone,NITE CORP.,aamourocean - u're not alone
358754477,https://soundcloud.com/breademoji/tt-1,bread emoji,TT
350693854,https://soundcloud.com/pedicure-records/pd-s115-a-g-kush-high-found-u,PEDICURE RECORDS,pd-s115: A. G. Kush - High Found U
282833763,https://soundcloud.com/therealhojo/mmjrvtvmosih,Hojo,‚òÖ‚òÖ
313029620,https://soundcloud.com/therealhojo/talk,Hojo,Talk
332336659,https://soundcloud.com/therealhojo/zu-1,Hojo,Z√ú
332345731,https://soundcloud.com/therealhojo/n0w,Hojo,|<n0w
273273555,https://soundcloud.com/therealhojo/before-the-weekend,Hojo,Before the weekend
347499289,https://soundcloud.com/therealhojo/rai-ft-gsoiid,Hojo,rai…≥·Éß üåßÔ∏è(ft. g‚ô°soiid)
257585013,https://soundcloud.com/therealhojo/m1rc1e,Hojo,M1rŒîc1e
257672210,https://soundcloud.com/plurcore/away,PLUR,AWAY
349468478,https://soundcloud.com/jetfiremusic/wontletyougo,JETFIRE,JETFIRE & Jo. Cohen ft. Lusil - Won't Let You Go
262850867,https://soundcloud.com/beachdaysongs/70ve-yrself,beachday,70ve y%rself
287032545,https://soundcloud.com/gupimusic/great-day,gupi,Great Day
262850860,https://soundcloud.com/beachdaysongs/my-b00,beachday,my b00
230763861,https://soundcloud.com/beachdaysongs/t1c-t0k,beachday,t1c t0k
290319242,https://soundcloud.com/chinese-slippers-b-u/wh0-d0-u-th1nk-0f,Backup Slippers,~~Wh0 D0 U Th1nk 0f~~
287257076,https://soundcloud.com/nightcorgi/waybackhome-nightcorgi-x-lil-baeblade,nightcorgi,WayBackHome - NightCorgi x Lil BaeBlade
282351615,https://soundcloud.com/zowk/90s-music,ZOWK,90s MUSIC
287257086,https://soundcloud.com/nightcorgi/burned4mylove-nightcorgi-x-lil-baeblade,nightcorgi,Burned4myLove - NightCorgi x Lil BaeBlade
287029765,https://soundcloud.com/nightcore-zine/skinny-mctoothpick-0-3-5,The Nightcore Zine,Skinny McToothpick - 0 3 5
256853426,https://soundcloud.com/gasoiid/n0t-7h1s-t1m3,g‚ô°soiid,N0T 7H1S T1M3
303219691,https://soundcloud.com/adminxc/in-the-skyy,ad·µê‚Å±‚Åø,In The SKYY
236549118,https://soundcloud.com/beachdaysongs/3eautiful,beachday,3eautiful
258103727,https://soundcloud.com/beachdaysongs/w4st3d,beachday,w4st3d
261687078,https://soundcloud.com/lil-baeblade/ag3,Lil' BaeBlade,Ag3
265115796,https://soundcloud.com/hexmanialabel/stay,HEX MANIA,Onnanoko - Stay
262621743,https://soundcloud.com/pedicure-records/pd-s47-dj-hayai-soap-dj-hayai-rmx,PEDICURE RECORDS,pd-s47: dj hayai - Soap (dj hayai Rmx)
263721739,https://soundcloud.com/bubblebadbitch/crush,DJ ‚ú∞SISISUPERSTAR‚ú∞,CRUSH
237889733,https://soundcloud.com/flyskyrider/coming-home,SKY RIDER,COMING HOME
263459598,https://soundcloud.com/adminxc/wild-tears,ad·µê‚Å±‚Åø,Wild Tears
266101050,https://soundcloud.com/thehairkid/pocari-freakz,The Hair Kid,POCARI FREAKZ
257999367,https://soundcloud.com/sammyseagull/feathers-everywhere,Sammy Seagull,Feathers Everywhere
281001306,https://soundcloud.com/iamelixabeth/booty-call-feat-myke-valley,ELIXABETH,booty call (feat. Myke Valley)
280622194,https://soundcloud.com/goodenuff/oh-boy-donatachi-bunny-island-feat-mallrat,Good Enuff,Oh Boy & Donatachi - Bunny Island (feat. Mallrat)
201948378,https://soundcloud.com/japanet/jack-guy-just-be-friend,JAPANET,JACK GUY - Just Be Friend „ÅäÂèãÈÅî„Åß„ÅÑ„Åæ„Åó„Çá„ÅÜ
330248685,https://soundcloud.com/goodenuff/henrik-the-artist-favorite-girl,Good Enuff,Henrik the Artist - Favorite Girl
278407393,https://soundcloud.com/not-rave-toolz/notrave17,NOT RAVE TOOLZ,GHOZT - NOT A RAVE TOOL 17
280499108,https://soundcloud.com/not-rave-toolz/notrave19,NOT RAVE TOOLZ,DJ eSPORTS - NOT A RAVE TOOL 19
254801271,https://soundcloud.com/nlvrecords/nina-las-vegas-ezy,NLV Records,Nina Las Vegas - EZY
332731313,https://soundcloud.com/2tonedisco/hold-me-1,2ToneDisco,Hold Me
267878565,https://soundcloud.com/hikeii/beautiful-now,@hikeii,beautiful now
332897538,https://soundcloud.com/hikeii/u-da-1,@hikeii,U DA 1
332030072,https://soundcloud.com/uprisemusicofficial/major-minor-everything-around-us-feat-johanna-jayden,Uprise Music,Major Minor - Everything Around Us Feat. Johanna & Jayden
260397322,https://soundcloud.com/ravetoolz/rave-tool-33,RAVE TOOLZ,CHRIS BUSHNELL X ROWLAND EVANS - SHE ALL ABOUT (KITTYNXC BOOTLEG)
323057772,https://soundcloud.com/colate_ll/luvcharm,colate,Lolica Tonica - Luv charm ft. Yura Mari (colate remix)
307725334,https://soundcloud.com/gasoiid/callingonyou,g‚ô°soiid,callŒπŒ∑g ‚úÜ (g‚ô°soiid x beachday x fallen shrine)
240676146,https://soundcloud.com/starfin/w4it,STARFIN,w4it
318916734,https://soundcloud.com/kyubae/breaking-hearts,kyubae,breaking <3s
301309981,https://soundcloud.com/cooltweens/sexual,cool ‚ú® tweens,sexual
304345063,https://soundcloud.com/cooltweens/mad-about-you,cool ‚ú® tweens,mad about you
324379123,https://soundcloud.com/lil-baeblade/ex_dee,Lil' BaeBlade,_ex_dee
276538032,https://soundcloud.com/lil-baeblade/katchinon,Lil' BaeBlade,KatchinOn
231856273,https://soundcloud.com/lil-baeblade/slumber-party-ft-signoffline,Lil' BaeBlade,Slumber Party ft sign offline
314330693,https://soundcloud.com/nonstopnxc/nxc075,NON STOP NXC¬Æ,NXC075 - S P A C E B O I - Take Me There
328383972,https://soundcloud.com/nonstopnxc/nxc087,NON STOP NXC¬Æ,NXC087 - FAN FICTION - rucku5
257635952,https://soundcloud.com/milespurrhournxc/sw333t,Miles Purr Hour NXC,Sw333t
269384268,https://soundcloud.com/160club/s003,160 CLUB,EMMA - ALREADY HEARD
266624998,https://soundcloud.com/not-rave-toolz/ghozt-not-a-rave-tool-07,NOT RAVE TOOLZ,GHOZT - NOT A RAVE TOOL 07
306270631,https://soundcloud.com/similar-outskirts/nanamori-remix,Similar Outskirts,Kotori - Nanamori (Similar Outskirts Remix)
268201992,https://soundcloud.com/lasting-2/you-and-me,Lasting,You And Me
280236690,https://soundcloud.com/minttunes/mt11,Mint Tunes,Ryan Harvey Ft. Stevyn - Angel of Light
296097252,https://soundcloud.com/minttunes/m0029,Mint Tunes,Jacek Izydorek - Mr. J [Mint Tunes & Pure Gold Records]
298977615,https://soundcloud.com/minttunes/m0033,Mint Tunes,PRBLMS - In Your Eyes
313649671,https://soundcloud.com/minttunes/m0043,Mint Tunes,NOREMAC - Get Away
323406202,https://soundcloud.com/rvdymusic/soulless,RVDY,RVDY - Soulless
321651061,https://soundcloud.com/goodenuff/myrne-i-know-feat-awoltalk,Good Enuff,MYRNE - I Know (feat. Awoltalk)
322905676,https://soundcloud.com/sleepycatt/bow,SLEEPYCATT,Pure100% & Sammy Seagull & SLEEPYCATT - Bow Dicka Wow Wow
285834464,https://soundcloud.com/velkrolabel/henrik-the-artist-peddi-max,Velkro,Henrik the Artist - Peddi Max
315941801,https://soundcloud.com/wearegalantis/rich-boy-zack-martino-remix,Galantis,Rich Boy (Zack Martino Remix)
315542036,https://soundcloud.com/galwarobootlegz/lemonade-remix,Producer Essentials White,Alexandra Stan - Lemonade (Galwaro x DOPEDROP Remix)
252866393,https://soundcloud.com/ednxc/redy-1,FSTVŒõL,REŒõDY
300886739,https://soundcloud.com/tkrism/mentaicosmicvip,Yunomi,„ÇÅ„Çì„Åü„ÅÑ„Ç≥„Ç∫„Éü„ÉÉ„ÇØ (feat. nicamoq) [VIP]
251859044,https://soundcloud.com/nxcmansion/wo-u,NXC MANSION,beachday - w/o u
246247178,https://soundcloud.com/hikeii/said-the-sky-ft-diamond-eyes-mountains-keii-edit,@hikeii,said the sky // mountains |@hikeii flip|
249948843,https://soundcloud.com/coy-peach/far-away-nxc,Coy Peach,Far
247530585,https://soundcloud.com/bacchus_f/p1ck-me,taurine 1000,pick me!‚ô°
164884901,https://soundcloud.com/ryanhemsworth/cream-soda-with-tomggg,Ryan Hemsworth,Cream Soda (with Tomggg)
272150434,https://soundcloud.com/813beats/maroon-5-sugar-813-remix,813BEATS,Maroon 5 - Sugar ( 813 Remix )
210661880,https://soundcloud.com/tacoemoji/belong,tacoemoji,belong
219805532,https://soundcloud.com/tacoemoji/lush,tacoemoji,Iush Iife
218291735,https://soundcloud.com/tacosafterdark/ignition-do-u,tacosafterdark,ignition do u
207427816,https://soundcloud.com/tacosafterdark/awoo,tacosafterdark,awoo
249757670,https://soundcloud.com/imchoma/i-cant-even-remember-this-time-of-my-life,choma.,i can't even remember this time of my life
258005312,https://soundcloud.com/djwipeoutnxc/wtf,dj wipeout,wtf
292118848,https://soundcloud.com/813/813-idk,Eight One Three üç≠,813 - Idk ( free dl )
209959573,https://soundcloud.com/japanet/dj-wipeout-real-joy,JAPANET,DJ WIPEOUT - Real Joy „É™„Ç¢„É´„Ç∏„Éß„Ç§
165897602,https://soundcloud.com/shhsecretsongs/swick-lewis-cancut-wishes-ft-tkay-maidza,Secret Songs,Swick & Lewis Cancut - Wishes (ft. Tkay Maidza)
291340607,https://soundcloud.com/goodenuff/landis-merry-ground,Good Enuff,Landis - Merry Ground
292113822,https://soundcloud.com/goodenuff/gillepsy-young-warriors,Good Enuff,Gillepsy - Young Warriors
221295727,https://soundcloud.com/tkrism/yumenaa,Yunomi,Â§¢„Åß„Åæ„Åü„ÅÇ„Åà„Åü„Çâ„Å™„ÅÇ (feat. nicamoq)
271859778,https://soundcloud.com/tkrism/wakuseirabbit,Yunomi,ÊÉëÊòü„É©„Éì„ÉÉ„Éà (feat. TORIENA)
152941125,https://soundcloud.com/tkrism/yunomicteatime,Yunomi,„ÇÜ„ÅÆ„Åø„Å£„Åè„Å´„ÅäËå∂„Åó„Å¶ (feat. nicamoq)
287295442,https://soundcloud.com/tkrism/otogibanashi,Yunomi,„Åä„Å®„Åç„ÇôË©±„ÅÆÊó•„ÄÖ (feat. nicamoq)
289358653,https://soundcloud.com/whethan/whenimdown,Whethan,Whethan VS  Oliver Tree - When I'm Down
289742685,https://soundcloud.com/electrostepnetwork/shesaid,Electrostep Network,Dirty Zblu & Brasart - She Said [Electrostep Network EXCLUSIVE]
290164325,https://soundcloud.com/minttunes/mt14,Mint Tunes,Evix - Something New
289349953,https://soundcloud.com/brednbutterrec/in-heaven-2night,brednbutter,Atik - In Heaven 2Night
283474390,https://soundcloud.com/miii/amunoa-ultra-midi-miii-bootleg,Miii,AMUNOA - Ultra MIDI (Miii Bootleg)
285944363,https://soundcloud.com/miii/sweet-love-vip,Miii,Sweet Love VIP
272759262,https://soundcloud.com/813/813-save-the-lights,Eight One Three üç≠,813 - Save The Lights
283738320,https://soundcloud.com/remixes-by-gawtbass/gawtbass-the-greatest,Gawtbass Remixes,Sia - The Greatest (GAWTBASS Remix)
281819455,https://soundcloud.com/fransisderelle/closer,Fransis Derelle,The Chainsmokers - Closer Ft. Halsey (Hearts x Fransis Derelle x Convex Remix Ft. Dustin Cook)
281962881,https://soundcloud.com/banvox/high-and-grab,banvox,High And Grab (Original Mix)
271265823,https://soundcloud.com/sharp-sounds/daylight,Sharp Sounds,GSPR & Aumon - Daylight
278846501,https://soundcloud.com/minttunes/mt9,Mint Tunes,BEAUZ, Luke Anders - Electric Hearts
279862775,https://soundcloud.com/gillchang/ember-island-x-radio-head-creep-gill-chang-remixnest-hq-premiere,Gill Chang,ember island x radio head - creep (gill chang remix) [NEST HQ Premiere]
281967981,https://soundcloud.com/spaceracedjs/alone,Space Race,marshmello - alone (space race remix)
282404122,https://soundcloud.com/miii/cutie,Miii,Cutie
281866263,https://soundcloud.com/wearegraves/graves-maazel-lost-boys,graves,graves & Maazel - Lost Boys
278344425,https://soundcloud.com/augmentedmusicnet/gspr-deepitback-sandcastle-original-mix,Augmented Music,GSPR & DeepItBack - Sandcastle (Original Mix)
280670580,https://soundcloud.com/hytydremixs/cash-cash-millionaire-ft-nelly-hytyd-remix,HYTYD,Cash Cash - Millionaire feat. Nelly (HYTYD Remix)
281040471,https://soundcloud.com/bugloud/city-lights-remix,BUGLOUD,HyperJuice - City Lights feat. EVO+, Jinmenusagi (bugloud remix)
280383002,https://soundcloud.com/coolwaterset/coolwater-set-dubs-up-ft-problem-whitney-phillips-2,Coolwater Set,Coolwater Set - Dub's Up ft. Problem & Whitney Phillips
278356112,https://soundcloud.com/mkjaff/goldenplateremix,MKJ,Olivera - Golden Plate (MKJ Remix)
278848344,https://soundcloud.com/goodenuff/kiwi-sugar-panic-813-remix,Good Enuff,KiWi - Sugar Panic (813 remix)
278674733,https://soundcloud.com/minttunes/mt8,Mint Tunes,Soflex - Break x Walls
278463401,https://soundcloud.com/n3onpills/porter-robinson-x-madeon-shelter-gill-chang-edit,n3on pills,porter robinson x madeon - shelter (gill chang edit)
277980266,https://soundcloud.com/whethan/canthide,Whethan,Can't Hide (feat. Ashe)
219411332,https://soundcloud.com/djwipeoutnxc/2-times,dj wipeout,2 times
275932761,https://soundcloud.com/coyotekisses/waiting-for-you-feat-madison-love,coyote kisses,waiting for you feat. madison love
272548316,https://soundcloud.com/nlvrecords/nina-las-vegas-substitute-feat-swick,NLV Records,Nina Las Vegas - Substitute (feat. Swick)
273186774,https://soundcloud.com/chill/metsa-trails,chinchilla,mets√§ - Trails
273422458,https://soundcloud.com/cosmosmidnight/goldlink-dark-skin-women-cosmos-midnight-x-swindail-remix,Cosmo's Midnight,GoldLink - Dark Skin Women (Cosmo's Midnight x Swindail Remix)
203052786,https://soundcloud.com/djwipeoutnxc/star-guitar,dj wipeout,star guitar
215936539,https://soundcloud.com/lil-baeblade/evrlvsting-luv-ft-crapface,Lil' BaeBlade,EVRLVSTING LUV Ft. CRAPFACE
268383074,https://soundcloud.com/iamkozmoz/ookay-thief-kozmoz-remix-1,KOZMOZ ‚òÑÔ∏è,Ookay - Thief (KOZMOZ Remix)
170043985,https://soundcloud.com/vindata/camden-arc-is-it-good-to-you-vindata-remix,Vindata,Camden Arc - Is It Good To You (Vindata Remix)
266966600,https://soundcloud.com/riseasone/champagne-drip-open-your-eyes,Rise As One,Champagne Drip - Open Your Eyes
265701744,https://soundcloud.com/lucianofficial/lucian-follow-feat-sleeper,Lucian,Lucian - Follow (feat. Sleeper)
263967250,https://soundcloud.com/bkayeofficial/cruel-youth-mr-watson-bkaye-remix-1,BKAYE,Cruel Youth - Mr. Watson (BKAYE Remix)
264307727,https://soundcloud.com/coolights/someone-to-call,Coolights,Coolights - Someone to Call
201881953,https://soundcloud.com/foreignfamily/aftergold,Foreign Family Collective,Big Wild - Aftergold
260370107,https://soundcloud.com/morethanrecs/sia-cheap-thrills-damned-x-jakoban-remix,More Than Records,Sia - Cheap Thrills (Damned x Jakoban Remix)
256777076,https://soundcloud.com/notyourdope/bring-back-the-summer-remix,NOT YOUR DOPE,Bring Back The Summer (Not Your Dope Remix)
217833007,https://soundcloud.com/tacoemoji/ignitiondou,tacoemoji,ignition do u...
215787834,https://soundcloud.com/nightcorey/stay,nightcorey,Stay
217004244,https://soundcloud.com/nitecorp/paul-lutz-cheerleader,NITE CORP.,Paul Lutz - Cheerleader
251854808,https://soundcloud.com/iamveryrandom/tuyosou,snaily,‰∏∏„ÅÆÂÜÖ„Çµ„Éá„Ç£„Çπ„ÉÜ„Ç£„ÉÉ„ÇØ (House Flip)
250976060,https://soundcloud.com/laclinicarecs/los-dutis-barrio-loco-original-bass,La Clinica Recs,Los Dutis - Barrio Loco (Original BAss)
248289438,https://soundcloud.com/yultron-vip/riri-work-feat-drizzy-ookay-x-yultron-remix,YULTRON's Other Page,RiRi - Werk Feat. Drizzy (Ookay x Yultron Remix)
215511773,https://soundcloud.com/deltaheavyuk/delta-heavy-ghost-zomboy-remix,DELTŒî HEŒîVY,Delta Heavy - Ghost (Zomboy Remix) [Nest HQ Premiere]
202050618,https://soundcloud.com/activia-benz/henrik-the-artist-perfect-workout,Activia Benz,SC017 Henrik the Artist - Perfect Workout
248360843,https://soundcloud.com/elysianrecords/stelouse-myrne-call-me,Elysian Records,StayLoose & MYRNE - Call Me
248666248,https://soundcloud.com/onlyclassy/louis-the-child-its-strange-ft-kflaybolivard-remix,Classy Records,Louis The Child | It's Strange (Ft. K.Flay){Bolivard Remix}
245457220,https://soundcloud.com/813/813-toy-soldiers-free-wav-dl,Eight One Three üç≠,813 - Toy Soldiers ( FREE WAV DL )
243773799,https://soundcloud.com/813/human-813-flip,Eight One Three üç≠,Nicky Romero & Zedd feat. Liz - Human ( 813 Flip )
243868441,https://soundcloud.com/absrdst/kors-k-flip-flap-absrdst-remix1,ABSRDST,Kors K - Flip Flap (ABSRDST Flap)
245468517,https://soundcloud.com/nlvrecords/nlv-now-or-never-feat-cz-and-swick,NLV Records,Nina Las Vegas - Now Or Never (feat. C.Z. And Swick)
245751108,https://soundcloud.com/edm/mat-zo-soul-food-premiere,EDM.com,Mat Zo - Soul Food [Premiere]
247977736,https://soundcloud.com/laclinicarecs/chavalo-x-lecrop-fea-original-bass,La Clinica Recs,Chavalo X Lecrop - Fea (Original BAss)
247663471,https://soundcloud.com/telykast/burnfast,TELYKast,BRYCE FOX - BURN FAST (TELYKast REMIX)
246734674,https://soundcloud.com/atikmusic/tha-trickaz-creaky-jackals-og-purp-atik-remix,Atik üëª,Tha Trickaz & Creaky Jackals - OG Purp (Atik Remix)
244176343,https://soundcloud.com/gillchangvip/flume-never-be-like-you-feat-kai-gill-chang-edit,gill chang VIP,flume - never be like you feat. kai (gill chang edit)
244428710,https://soundcloud.com/owslaofficial/g-buck-bob,OWSLA,G-Buck -  B.O.B.
242674480,https://soundcloud.com/the-bay/dgto-on-on-ft-chuck-new-mattanoll-remix,Weekend Vibes,DGTO - On & On ft. Chuck New (Mattanoll Remix)
237525630,https://soundcloud.com/otodayosupa/clozee-red-forest,OTODAYO S≈´pa,CloZee - Red Forest
231951364,https://soundcloud.com/banvox/watch-me,banvox,Watch Me (Original Mix) [Google Android TV Commercial]
233627052,https://soundcloud.com/dailydeep/troye-sivan-wild-hibell-remix,Daily Deep,Troye Sivan - Wild (Hibell Remix)
232435384,https://soundcloud.com/maddecent/nghtmre-boombox-cartel-aftershock,Mad Decent,NGHTMRE & Boombox Cartel  - Aftershock
206512916,https://soundcloud.com/banvox/summer-original-mix,banvox,Summer (Original Mix)
225358629,https://soundcloud.com/cmcsmusic/untilthemorning,CMC$,Kris Kross Amsterdam & CHOCO - Until The Morning (CMC$ Remix)
224123496,https://soundcloud.com/thijs-b-1/kings-justice-fade-thijs-bos-remix,Thijs bos,King's Justice - Fade (Thijs Bos Remix)
130827692,https://soundcloud.com/julian-benasis/benasis-do-it-like-i-do,Benasis,Benasis-Do It Like I Do
222961600,https://soundcloud.com/dubstep/tucker-kreway-dont-you-know-premiere,Dubstep,Tucker Kreway - Don't You Know [Premiere]
187034444,https://soundcloud.com/goodnightcody/konami-code,Goodnight Cody,Konami Code
181052013,https://soundcloud.com/bearsonmusic/pink-medicine,Bearson,Pink Medicine
219126921,https://soundcloud.com/813/tropical-dreams,Eight One Three üç≠,813 - Tropical Dreams
217875231,https://soundcloud.com/trekkie-trax/mavis-bacon-into-the-neon,TREKKIE TRAX,MAVIS BACON - Into the Neon
207386375,https://soundcloud.com/iampools/tables-and-chairs,pools,tables and chairs
213520184,https://soundcloud.com/merkandkremont/jason-derulo-want-to-want-me-merk-kremont-remix,Merk & Kremont,Jason Derulo - Want To Want Me (Merk & Kremont Remix)
212795317,https://soundcloud.com/activia-benz/sc022-diveo-ferris-wheel,Activia Benz,SC022 Diveo - Ferris Wheel
211403926,https://soundcloud.com/trekkie-trax/kan-takahiko-nrg-masayoshi-iimori-remixnest-hq-premiere,TREKKIE TRAX,KAN TAKAHIKO - NRG (Masayoshi Iimori Remix) [Nest HQ Premiere]
208610167,https://soundcloud.com/deep-chills/aintnosunshine,Deep Chills,SIMIOLI & PROVENZANO FEAT. SCARLET - Ain't No Sunshine (Deep Chills Remix) OUT NOW
209542601,https://soundcloud.com/kaskade/kaskade-never-sleep-alone-louis-the-child-remix,Kaskade,Kaskade - Never Sleep Alone (Louis The Child Remix)
206358413,https://soundcloud.com/masayoshi-iimori/namakopuri-japantrekkie-trax-mix,Masayoshi Iimori,„Éä„Éû„Ç≥„Éï„Çö„É™(Namakopuri) - „ÅÇ„Å£„Åü„Çâ„ÅÑ„ÅÑ„Å™JAPAN(Masayoshi Iimori From TREKKIE TRAX Mix) [OUT NOW]
206205050,https://soundcloud.com/maltine-record/hercelottomggg-greengum,Maltine Records,Hercelot √ó Tomggg - GREENGUM
206086011,https://soundcloud.com/sodaisland/ramzoid-turtle-theme,Soda Island,Ramzoid - Turtle Theme
193468404,https://soundcloud.com/kissmebass/pizza-ending,Cola Splash,Pizza Ending
204139806,https://soundcloud.com/kissmebass/takosu-gorilla,Cola Splash,Tacosu Gorilla
205128948,https://soundcloud.com/kissmebass/sugar-star,Cola Splash,Sugar Star
204202394,https://soundcloud.com/wearemittens/otto-knows-million-voices-mittens-stellar-rework,Mittens,Million Voices (Mittens X Stellar Rework) - Otto Knows
203282935,https://soundcloud.com/dj_amps/perc-blast,DJ Amps,Perc Blast (Refix)
131653269,https://soundcloud.com/813/love-inflation-feat-janne,Eight One Three üç≠,Kraak Smaak - Love Inflation (feat. Janne Schra) ( 813 Remix ) FREE DL
165060237,https://soundcloud.com/813/813-tattoos-on-my-heart,Eight One Three üç≠,813 - Tattoos On My Heart
172174007,https://soundcloud.com/maddecent/813-party-diving,Mad Decent,813 - Party Diving
204165503,https://soundcloud.com/trekkie-trax/snails-house-kirara,TREKKIE TRAX,Snail's House - Kirara
203462643,https://soundcloud.com/essential_music/ricky-mears-thts-wht-frnds-r-4,Essential Music,Ricky Mears - thts wht frnds r 4 [EDM.com Exclusive]
202598284,https://soundcloud.com/nor_sc/nor-fantasy,Nor,Fantasy
202401419,https://soundcloud.com/the-bay/bag-raiders-shooting-stars,Weekend Vibes,Bag Raiders - Shooting Stars (POOLCLVB cover)
201680343,https://soundcloud.com/ujico/snails-house-2000follwers-free-download,Ujico*/Snail's House,Snail's House - „Ç≥„Ç§„Ç§„É≠„Éô„É™„Éº [2k followers free download!]
202021642,https://soundcloud.com/ujico/snails-house-ma-chouchoute-free-dl,Ujico*/Snail's House,Ma Chouchoute
173414338,https://soundcloud.com/killthenoise/kill-the-noise-feed-me-far-away,Kill The Noise,Feed Me & Kill The Noise - "Far Away"
141394744,https://soundcloud.com/killthenoise/skrillex-kill-the-noise-fatman,Kill The Noise,Recess - Skrillex, Kill The Noise & Fatman Scoop
194945593,https://soundcloud.com/just-chill-out/aperture-sound-one-step-ahead,Just Chill Out.,Aperture Sound - One Step Ahead
198435005,https://soundcloud.com/hyleo/whispy-wollygon,hyleo,Whispy (w/ Ollygon)
202355559,https://soundcloud.com/eukaryotarecords/james-landino-neo-sakura-zone-original-mix-free-download,Eukaryota,James Landino - Neo Sakura Zone (Original Mix) [FREE DOWNLOAD]
198895477,https://soundcloud.com/imchoma/emojinal-vip-w-earle,choma.,emojinal vip [w/earle]
198127164,https://soundcloud.com/fabelle-music/zedd-clarity-fabelle-remix,Fabelle,Fabelle - Clarity (BUY=FREE DL)
196496186,https://soundcloud.com/dondiablo/don-diablo-ft-maluca-my-window,Don Diablo,Don Diablo ft. Maluca - My Window
196343730,https://soundcloud.com/slanderofficial/gud-vibrations,SLANDER,NGHTMRE & SLANDER - GUD VIBRATIONS
194045829,https://soundcloud.com/lucalush/keith-ape-it-g-ma-luca-lush-remix, ü·¥ú·¥Ñ·¥Ä  ü·¥ús ú,IT G MA
195011560,https://soundcloud.com/hardstyle/atmozfears-restart,Hardstyle,Atmozfears - Restart
194597446,https://soundcloud.com/just-a-gent/pureimagination,Just A Gent,Pure Imagination
194198237,https://soundcloud.com/itsmarkjohns/mark-johns-5-south-prod-alexander-lewis-ft-brasstracks-1,itsmarkjohns,Mark Johns - 5 South (Prod. Alexander Lewis) Ft. Brasstracks
194009852,https://soundcloud.com/wearelostkings/ghost-lost-kings-remix,Lost Kings,Halsey - Ghost (Lost Kings Remix)
191446044,https://soundcloud.com/yelle/moteur-action-sophie-agcook-remix,YELLE,MOTEUR ACTION (SOPHIE & A. G. Cook Remix)
192999750,https://soundcloud.com/monstercat/wrld-see-you,Monstercat,WRLD & Richard Caddock - See You
133044264,https://soundcloud.com/samgellaitry/waiting-so-long,sam gellaitry,waiting so long
193478241,https://soundcloud.com/trekkie-trax/mavis-bacon-overbaked,TREKKIE TRAX,MAVIS BACON - #OVERBAKED
192820742,https://soundcloud.com/illeniumofficial/phoebe-ryan-mine-illenium-remix,ILLENIUM,Phoebe Ryan - Mine (Illenium Remix)
192816142,https://soundcloud.com/louis-vivet-music/save-tonight-nigel-good-remix-1,Louis Vivet,Save Tonight (Nigel Good Remix)
164873449,https://soundcloud.com/itsmelvv/mirror,MELVV,Cashmere Cat - Mirror Maru (Melvv Bootleg)
190359498,https://soundcloud.com/papercranecollective/diveo-i-want-to-be-your-friend-dzz-remix,PAPER CRANE,Diveo - I Want to Be Your Friend (DZZ Remix)
192454030,https://soundcloud.com/mrsuicidesheep/jpb-mendum-feelings,MrSuicideSheep,JPB & Mendum - Feelings
192680022,https://soundcloud.com/juizify/maturbo-kioku,Juizify,Maturbo - Kioku
192191512,https://soundcloud.com/electrostepnetwork/husky-funcat-esn,Electrostep Network,Husky - Funcat [Electrostep Network FREEBIE]
191790407,https://soundcloud.com/itspusher/borgeous-shaun-frank-this-could-be-love-pusher-flip-1,PUSHER,Borgeous & Shaun Frank - This Could Be Love (Pusher Flip)
190981816,https://soundcloud.com/otodayoruki/gill-chang-reminisce-otoruki003,OTODAYO R≈´kƒ´,Gill Chang - Reminisce
187485864,https://soundcloud.com/henrik-the-artist/heven-henrik-the-artists-remix,Henrik the Artist,Heven (Henrik the Artist's Remix)
191292992,https://soundcloud.com/airiamusic/loveme,Airia,Love Me (Airia Remix)
190836123,https://soundcloud.com/itsnotsorry/hitrewindremix,not sorry,Hydraulix & PhaseOne - Hit Rewind (not sorry Remix)
189807965,https://soundcloud.com/martingarrix/martin-garrix-forbidden-voices,Martin Garrix,Martin Garrix - Forbidden Voices
187001816,https://soundcloud.com/epais/ed-sheeran-dont-epais-remix,√âpais,√âpais - Don't
99508334,https://soundcloud.com/maltine-record/hercelot-kit-kat-fat-cat-chat,Maltine Records,Hercelot - kit kat fat cat chat
