328295236,/katomori10/ever,Ever,KATOMORI
493711812,/kiraramagic/moe-punch,Moe Punch,Kirara Magic
517029684,/kiraramagic/blue-square,Blue Square,Kirara Magic
544857858,/kiraramagic/happy-kiraramagic-remix,HAPPY!!ストレンジフレンズ (Kiraramagic Remix),Kirara Magic
540580320,/akibanime/elliot-hsu-akiba-ver,Elliot Hsu - å¤¢ã�®ã�‹ã�Ÿã�¡ ( Akiba Ver. ),Akiba
338844787,/confide/echo,echo,confide
350326423,/confide/fly-away-with-me,fly away with me,confide
438578100,/djdogtreat/keha-wherever-you-are-dj-dogtreat-bootleg,Ke$ha - Wherever You Are (dj dogtreat bootleg),dj dogtreat
337181559,/fallenshrine/piccolo-x-fallen-shirne-no-sleep,PÃ¬ccolo X Fallen Shirne - å…¨ã��å¯�ã�¦ã�ªã�„ [NO SLEEP],Fallen Shrine
357138719,/nonstopnxc/nxc105,NXC105 - VIRTUAL SELF - GHOST VOICES (djX CLUBCORE EDIT),NON STOP NXC®
249753615,/lil-baeblade/lovelovelove,lovelovelove,Lil' BaeBlade
265185072,/spngecake/d0nt-leave,d0nt leave,sponge cake
257651013,/miiunxc/n0w-0r-n3v3r,n0w 0r n3v3r,miiu
411982560,/kowaremashita210/more-one-night-remix,More One Night (Remix),壊れました
325353509,/suzumiyaharuhi/melt,❤️❣️❤️melt❤️❣️❤️,✾Haruhi Suzumiya✾
337545304,/suzumiyaharuhi/neimuoburabu,â�¤ï¸�ğŸ“›â�¤ï¸�ã‚¤ãƒ³ã‚¶ãƒ�ã‚¤ãƒ ã‚ªãƒ–ãƒ©ãƒ–â�¤ï¸�ğŸ“›â�¤ï¸�,âœ¾Haruhi Suzumiyaâœ¾
539693142,/polcka/free-to-see-the-future-polcka-remix,[FREE]レン（楠木ともり）- To see the future (Polcka Remix),Polcka
254999857,/nxcthot/real-love,real love♥︎,nxcthot
297500500,/imlay/imlay-mylk-flower-flower,IMLAY & MYLK - Flower Flower,IMLAY
328557174,/mylkofficial/unite-original-mix,Unite (Original Mix) [We <3 MCR & LDN],MYLK
187003725,/mylkofficial/sky-fi-without-you-original-mix,Without You (Original Mix),MYLK
220649394,/mylkofficial/let-you-go-original-mix,Let You Go (Original Mix),MYLK
221680281,/mylkofficial/dream-catcher-original-mix-1,Dream Catcher (Original Mix),MYLK
480759963,/mylkofficial/waffle-wave,Waffle Wave (Original Mix),MYLK
293498892,/fallenshrine/love-0n-me,Love 0n Me,Fallen Shrine
295880406,/pedicure-records/pd-s75-aquiss-t0ky0,pd-s75: aquiSS - T0kY0,PEDICURE RECORDS
252803346,/nxcpuppy/marinetti-x-ducky-1,puppy treats 02,puppynxc
287029709,/nightcore-zine/miiu-c4nt-f1ght-1t,miiu - c4nt f1ght 1t,The Nightcore Zine
462865530,/nxcnation/android-28-sweetdreams-ntn5,Android 28 - SweetDreams [ntn5],nxc nation
329804839,/g-soiid/you-do,you doâ™¡,gâ™¡soiid's goodie bag!
391974552,/g-soiid/g3tcha-way,G3TCHA WAY,gâ™¡soiid's goodie bag!
317666043,/snowman_emoji/turn-me-on,turn m3 0n,ice bb
230406354,/djdjtanner/rly-rly,rly rly,DJ DJ Tanner
304667039,/confide/looking-glass,looking glass,confide
203493184,/nor_sc/ollygon-sunny-shores-nor-remix,Ollygon - Sunny Shores (Nor Remix),Nor
295218795,/mylkofficial/mylk-kiradoki-harmony-1,Kiradoki Harmony (Original Mix),MYLK
545619819,/miikosan/your-reality,Team Salvato – Your Reality (ft. LilyPichu)[Miiko Remix](Short Ver.),Miiko
482356680,/miikosan/yuce-summer-lover-bubble-tea-remake-1,YUC'e - Summer Lover (Miiko Remake),Miiko
564338022,/miikosan/marry-me,picco - Marry Me (Miiko Remix),Miiko
234201477,/adderallmusic/alive,alive,ADDERALL
236229167,/adderallmusic/burnt-rice,BURNT RICE,ADDERALL
239916207,/adderallmusic/xtc-ft-glossy,XTC - FT. GLOSSY,ADDERALL
240611164,/glossymusic/your-type-wadderall,Your Type w/ADDERALL,GLOSSY
563089047,/robkta/danger-ride-ft-glxy-girlselfie-usa-releasing-february-5th,Danger Ride (ft GLXY GIRL)[SELFIE USA RELEASING FEBRUARY 5th],RoBKTA
543845754,/dartokki/dartokki-zxnx-pillow-fight,DarTokki & ZxNX - Pillow Fight,DarTokkiâœ¨

471391065,/puppywuv2/suckdispussy,â„“Î¹Â¢Ğº Î¹Ñ‚ gÏƒÏƒâˆ‚ğŸ‘…ğŸ’¦,â˜†puppyÂ²â˜†
475249122,/nxcnation/ntn8,puppy - ÏƒĞ½ Ñ•Ğ½!Ñ‚ [ntn8],nxc nation
523127283,/takashimatty/little-riddle-takashima-remix,Little Riddle (takashima Remix),takashima
263298872,/lil-baeblade/i-know-i-need-somebody,I Know I Need Somebody ft. underd0g,Lil' BaeBlade
531645360,/tastyyyyyy/more-one_tasty,Girls Last Tour - More One Night 【Tasty Rhythm Bootleg】,Tasty Rhythm

540437424,/shot-bass-records/dj-wildparty-elu,DJ WILDPARTY - Elu,DJ_WILDPARTY
518304960,/hikeii/lil-mosey-noticed-hikeii-flip,lil mosey // noticed (@hikeii flip),@hikeii
516675108,/bozz_zange_f/tsubusare-bozz-dreamworld-feat-madoka,DreamWorld feat. madoka*,Tsubusare BOZZ
346586939,/fallenshrine/symfony,SYMPHONY,Fallen Shrine
287029726,/nightcore-zine/coy-peach-k33p-c4lm,Coy Peach - k33p c4lm,The Nightcore Zine
386119271,/xtreme2themax/lolica-tonica-eyes-on-you-djx-bootleg,LOLICA TONICA - EYES ON YOU (djX BOOTLEG),djX
302777931,/hakaisdead/haka43-kero-kero-bonito-lipslap-t5umut5umu-x-ghozt-remix-t5umut5umu-itz_ghozt,HAKA43 - Kero Kero Bonito - Lipslap (T5UMUT5UMU x GHOZT Remix) -@T5UMUT5UMU @Itz_GHOZT,HAKA [@HAKAisDEAD]
234372507,/shhyyy/gurl-i-knew-ft-lil-baeblade-1,gurl i knew ft. Lil' BaeBlade,s h y
270205789,/2tonedisco/tummy-treasures-ft-ducky,Tummy Treasures Ft. Ducky,2ToneDisco
524322822,/amanon_f/berry-happy,BERRY & HAPPY!!(Ver.1.01),*Amanon*
532143792,/kowaremashita210/free-akitaimokko-dungeon-edit,海老名ちゃんのフリー秋田妹ダンジョン (Edit),壊れました
337973474,/omoidelabel/lights-outpiccolo-eqal-bootleg,Zomboy - Lights Out(pÃ¬ccolo Ã— eqal Bootleg),OMOIDE LABEL
250068982,/smilesuk/platinum_luv,platinum_luv_ ft SURATI,smilesuk
316131588,/foxsky/kehlani-undercover-foxskys-all-claws-no-pause-bootleg,kehlani - undercover [foxsky's ALL CLAWS NO PAUSE Bootleg],foxsky
440307000,/puppywuv/u-i,(êˆ� á´— êˆ�âœ¿) â™¥ u & i â™¥,â˜†puppyâ˜†
455410926,/puppywuv/gimmegimme,gιммє υя ℓυν <3,☆puppy☆
530228007,/dj-nijinoyume/perfume-everyday-aiobahn-remix-remastered,Perfume - Everyday (Aiobahn Remix) [Remastered],DJ 虹野ゆめ
203239346,/babeisland/xtc,x/t/c,babeisland
265560361,/skinsparty/for-once-in-my-life,for once in my life,skins party
269777642,/160club/s004,DEVON - PARTY,160 CLUB
274208210,/powerfood/u-r-life,u r Life,YONEDA
163915041,/ponibbi/heartskip,HEARTSKIP,Ponibbi
231011372,/powerfood/marry-that-girl,Marry That Girl,YONEDA
228152635,/unpetrify/galactic,galactic,unpetrify
473238033,/djsliceoflife/shiawase-colors,Shiawase Colors,DJ Slice of Life
502530981,/kowaremashita210/eyes-on-the-future,Eyes on the future,壊れました
216850852,/cooltweens/sweeter-talk,sweet talk,cool ✨ tweens
318609817,/gasoiid/know-is-you,TJANI - Pad Thai (feat. Gracie) [Gâ™¡soiid & Kyubae NXC Edit],gâ™¡soiid
225261687,/tacoyamigos/all-i-can-think,all i can think (kurama x lil baeblade x taco emoji),taco y amigos
507895797,/813/booby-bounce,Booby Bounce,Eight One Three ğŸ�­
286627861,/foxsky/vyzee,Sophie - Vyzee (foxsky's DISTORT UR LIFE Bootleg) [NEST HQ Premiere],foxsky
242813930,/palettes/bouncebabes,Crapface x ZEN - Bounce Babes,Palettes
205913712,/coolteens/runaround,runaround,Cool ✨ Teens
228871441,/underd0ge/break-a-sweat,cute boys - break a sweat (underd0g edit),underd0g
245122686,/tacoemoji/date,p I a y d a t e,tacoemoji
265350968,/pure100/sophie-x-esq-lemonade-pure-100-flip,SOPHIE x ESQ - Lemonade (Pure 100% Flip),❀ Pure 100% ❀ (ピ•ュ•ア)
226512895,/crapface/crapface-x-zen,crapface x ZEN - luv u tara,CRAPFACE
270874628,/powerfood/woo-ahh,Woo Ahh,YONEDA
226153413,/skinny-mctoothpick/seapunk-dolphin-emoji-ft-dj-sethy-1,Seapunk Dolphin Emoji,Skinny McToothpick
507261435,/akofromlo/sweet-hurt-shio-chan-lovelove-bootleg,SWEET HURT(Mokelmbe Edit),Mokelmbe
507242250,/4lung/puppy-lasagna-cow-hype-2k18-1,Puppy Lasagna (Cow Hype 2K18),4lung
507034914,/jerseykurabu/iffy-kimo-ota-kingdom-hurts-remix,Iffy( kimo ota & KINGDOM-HURTS remix ),ジャージー倶楽部
256651821,/activia-benz/05-miss-me,05 Miss Me [NEST HQ Premiere],Activia Benz
210553589,/ednxc/on-my-wy,ON MY WΛY!,FSTVΛL
490699266,/gmtn/furioso-melodia-2017-wip,furioso melodia (2017 VIP)- witch's slave,gmtn.
503081205,/charmyclub/charm-caster,Charm Caster,Charm Caster
261736453,/lasting-2/where,Where,Lasting
227425562,/lasting-2/i-dont-need-anyone,I Don't Need Anyone,Lasting
225851946,/lasting-2/all-my-love,All My Love,Lasting
346414232,/g-soiid/p1eces-ft-baby,P1ECES  (ft. â˜¾ Baby),gâ™¡soiid's goodie bag!
378624170,/bacchus_f/bbbb,bb♡bb,taurine 1000
310532820,/nonstopnxc/nxc073,NXC073 - Taurine 1000 - Cover Up,NON STOP NXCÂ®
330778944,/moonbabyakaspaceboi/without-you,ｗｉｔｈｏｕｔ ｙｏｕ,☾ Baby
333901079,/djcodelyoko/say-ok-lyoko-edit,say ok (lyoko edit),dj code lyoko
403225185,/djcodelyoko/airplane-love,airplane, love,dj code lyoko
441606045,/pedicure-records/pd-s129-dj-yokai-watch-luv-u-morrre,pd-s129: DJ YOKAI WATCH - LUV U MORRRE,PEDICURE RECORDS
455479179,/hikeii/better-not,Louis The Child - Better Not (feat. Wafia) [Hikeii Remix],@hikeii
445390326,/fallenshrine/i-dont-give-a-fck,I don't give a fck,Fallen Shrine
461458635,/fallenshrine/fallen-shrine-gsoiid-play-dat-s4x,Fallen Shrine & Gâ™¡soiid: PLAY DAT - S4X -,Fallen Shrine
467719137,/fallenshrine/sing-to-me-1,Sing to me,Fallen Shrine
490797735,/lost-kids-au/after-all-original-mix,After All (Original Mix),Lost Kids
489465609,/kernkraft-records-official/mariline-soda-better-me,Mariline & Soda - Better Me (ft. Duncan Johnson),Kernkraft Records
439457349,/weirdnxc/01-sunshine-vendetta-rave-on,01 - Sunshine Vendetta - Rave On,ğ�™¬ğ�™šğ�™�ğ�™§ğ�™™ ğ�™£ğ�™­ğ�™˜Â®
468536718,/bacchus_f/baam,baam!,taurine 1000
460908222,/hylenvipkuso/skys-the-limitxhx-rework,sky's the limit(XHX Rework),XHX(Hylen_VIP,Bootleg)
290998282,/nxcnov16/nxcnov01,JR - SWIMMING POOL,NXCNOV 2016
327632651,/chineseslippers/v1ntg3,V1nt@g3,Chinese Slippers
258456558,/for_u_nxc/1-2-3-4u,1 2 3 4(U),for U
244791043,/unpetrify/burn,burn,unpetrify
260378362,/crapface/crapface-x-kid-froopy-idky-1,crapface x kid froopy - IDKY,CRAPFACE
287257087,/nightcorgi/r3unite-nightcorgi-x-lil-baeblade,r3unite - NightCorgi x Lil BaeBlade,nightcorgi
255675651,/nxcmansion/my_j_m,smilesuk - my_j_m,NXC MANSION
178098229,/vnic0rn/ponibbi-heartskip-vnic0rn-edit,ponibbi - HEARTSKIP (VNIC0RN Remix) (FREE D/L),VNIC0RN
191085584,/maltine-record/chroma-kei-everyday-feat-sarah-bonito,Chroma-kei - Everyday (feat. Sarah Bonito),Maltine Records
194221098,/digital-diary/heroes-3,heroes <3,DIGITAL//DIARY
330750207,/fallenshrine/lil-baeblade-x-fallen-shrine-cant-define-our-luv,Lil' BaeBlade X Fallen Shrine - Can't define our luv,Fallen Shrine
189355176,/nightcorey/make-me-go,Make Me Go,nightcorey
241066324,/powerfood/bitch,Bitch,YONEDA
237153921,/baby_teeth/nobody-2-luv-asukaft-starfin,nobody 2 luv (asuka)ft STARFIN,babyteeth
235346292,/beachdaysongs/plus-0ne-ft-babeisland,plus 0ne ft. babeisland,beachday
241086125,/loving-01/world,WORLD,loving
346731494,/pedicure-records/pd-s112-dzz-her-loop-ft-danika-ghozt-160-edit,pd-s112: DZZ - Her Loop ft. danika (Ghozt 160 Edit),PEDICURE RECORDS
355206119,/nxcnov17/nxcnov13,BUNNY EMOJI - M3 & Y0U,NXCNOV 2017
355712762,/nxcnov17/nxcnov14,GHOZT - OK DREAM,NXCNOV 2017
359078831,/nxcnov17/nxcnov21,ANDROID BOYFRIEND - FLOWER FLOWER,NXCNOV 2017
349767895,/nxcnov17/nxcnov01,Gâ™¡SOIID - EV3RYT!M3,NXCNOV 2017
248190744,/palettes/purrfect,Crapface - Purrfect,Palettes
358565198,/nxcnov17/nxcnov20,PUPPYNXC - SUMMMMER,NXCNOV 2017
246908181,/nitecorp/nightcorey-all-nite,nightcorey - All Nite,NITE CORP.
270952649,/tacoyamigos/halr-crapface-x-taco-emoji,HAlR (crapface x taco emoji),taco y amigos
208779697,/m-s-doog/ms-doog-crush-on-tu,M.S. DOOG - Crush On Tu,M.S. DOOG 
216228018,/flyaheart/b3w1thu,B3w1thU,≈flyaheart≈
216172610,/henrik-the-artist/on-the-moon,On the Moon,Henrik the Artist
216123160,/babeisland/babed-beggin-for-thread-gryffin-hotel-garuda-remix-nxc-1,babe'n for thread,babeisland
177562766,/davirtualbrat/kissin-u,Kissin U,virtual brat
257648602,/3xnerd/cl34r,cl34r,NERD!NERD!NERD!
255821678,/skinny-mctoothpick/spread-ur-wings-160-suns-1,Spread Ur Wings (160 Suns),Skinny McToothpick
279768269,/breademoji/broccoli,broccoli,bread emoji
234489711,/slime-girls/no-summer-no-cry-06-you-belong,YOU BELONG,Slime Girls
331776383,/breademoji/b-someone-else-b-yr-self,b someone else, b yr self,bread emoji
263469451,/baby-emoji/gay,gay,baby emoji
245514520,/breademoji/br3ak-fr33-gal-entines-day-nxc-refix,Br3ak Fr33 (Gal-entines Day NxC refix),bread emoji
125755812,/curlup/yolobearremix,DJ Yolo Bear - Make U Touch My (curl up rePLUR),curl up
310142918,/breademoji/3-b00m-b00m-3,:3 b00m b00m :3,bread emoji
226642545,/golf-club/k-bow-somebody,K-Bow - Somebody,GCW
318589229,/cuepeedog/perfume-kasukanakaori-kimo-ota-cuepeedog-remix,Perfume - å¾®ã�‹ã�ªã‚«ã‚ªãƒª [âœ¨kimo otaâœ¨ & CUEPEEDOG REMIX],cuepeedog
282871968,/skinsparty/thinkingofu,thinking of u,skins party
257438130,/adderallmusic/neverland,NEVERLAND,ADDERALL
208476302,/sum-69/5more,5 M♡ŔƐ Ĥ♡ƱŔS,sum69
322268808,/fallenshrine/1u-nxc,1U NXC,Fallen Shrine
385065659,/fallenshrine/in-my-way-fallen-shrine-remix-1,In My Way (Fallen Shrine Remix),Fallen Shrine
356224856,/fallenshrine/dont-stop-the-love,Don't stop the love,Fallen Shrine
316087515,/katagiri/ch3rry,ch3rry,katagiri
346084630,/osirasekita/no-no-no-de-beach,NO NO NO De Beach (osirasekita 160 Edit),osirasekita
346072356,/mtell/yunomi-feat-toriena-mtell-remix,Yunomi - 大江戸コントローラー Feat. TORIENA (Mtell Remix),Mtell
344427025,/hugki/gamershugkiss-boot,GAMERS!(HUGKISS Boot),hugkiss
306764677,/nenpulse/japaripark,けものフレンズ OP - ようこそジャパリパークへ (nenpulse bootleg remix),nenpulse
346993514,/kowaremashita210/vanilla-remix-demo,バニラの歌 (Remix) demo,壊れました
279466346,/cakenxc/tuxedo-cake,tuxedo cake,Cake
322279316,/djdjtanner/still-in-the-g4me,still in the g4me,DJ DJ Tanner
211095323,/sodaisland/grynpyret-boba-beach,Grynpyret - Boba Beach,Soda Island
313210134,/nachoemoji/dont-turn-out-the-light-darkseid,darkseid,nacho emoji
369844352,/nenpulse/ugoku,少女終末旅行 OP - 動く、動く (nenpulse bootleg remix),nenpulse
219901240,/davirtualbrat/bubblez,bubblez,virtual brat
218776839,/tacoyamigos/be-like-crapface-x-taco-emoji,be like (crapface x taco emoji),taco y amigos
206751674,/pr3ttybitch/pr3tty-bitch-x-sign-offline-escap3,PR3TTY BITCH x sign offline ~ ESCAP3,PR3TTY  BITCH
343884551,/pedicure-records/mahoudreams-tonight,mahoudreams - TONIGHT,PEDICURE RECORDS
343884708,/pedicure-records/mahoudreams-want-u-2,mahoudreams - WANT U 2,PEDICURE RECORDS
343884905,/pedicure-records/mahoudreams-right-here,mahoudreams - RIGHT HERE,PEDICURE RECORDS
348905942,/pedicure-records/pd-s114-gsoiid-x-more-sugar-lullabye,pd-s114: gâ™¡soiid x more ï¼Ÿsugar - LULLABYE ðŸ’¤,PEDICURE RECORDS
305007317,/nitecorp/picture-us-what-i-like-about,Picture Us - What I Like About You,NITE CORP.
222268882,/nitecorp/aamourocean-ure-not-alone,aamourocean - u're not alone,NITE CORP.
358754477,/breademoji/tt-1,TT,bread emoji
350693854,/pedicure-records/pd-s115-a-g-kush-high-found-u,pd-s115: A. G. Kush - High Found U,PEDICURE RECORDS
282833763,/therealhojo/mmjrvtvmosih,â˜…â˜…,Hojo
313029620,/therealhojo/talk,Talk,Hojo
332336659,/therealhojo/zu-1,ZÜ,Hojo
332345731,/therealhojo/n0w,|<n0w,Hojo
273273555,/therealhojo/before-the-weekend,Before the weekend,Hojo
347499289,/therealhojo/rai-ft-gsoiid,raiÉ³áƒ§ ğŸŒ§ï¸�(ft. gâ™¡soiid),Hojo
257585013,/therealhojo/m1rc1e,M1rΔc1e,Hojo
257672210,/plurcore/away,AWAY,PLUR
349468478,/jetfiremusic/wontletyougo,JETFIRE & Jo. Cohen ft. Lusil - Won't Let You Go,JETFIRE
262850867,/beachdaysongs/70ve-yrself,70ve y%rself,beachday
287032545,/gupimusic/great-day,Great Day,gupi
262850860,/beachdaysongs/my-b00,my b00,beachday
230763861,/beachdaysongs/t1c-t0k,t1c t0k,beachday
290319242,/chinese-slippers-b-u/wh0-d0-u-th1nk-0f,~~Wh0 D0 U Th1nk 0f~~,Backup Slippers
287257076,/nightcorgi/waybackhome-nightcorgi-x-lil-baeblade,WayBackHome - NightCorgi x Lil BaeBlade,nightcorgi
282351615,/zowk/90s-music,90s MUSIC,ZOWK
287257086,/nightcorgi/burned4mylove-nightcorgi-x-lil-baeblade,Burned4myLove - NightCorgi x Lil BaeBlade,nightcorgi
287029765,/nightcore-zine/skinny-mctoothpick-0-3-5,Skinny McToothpick - 0 3 5,The Nightcore Zine
256853426,/gasoiid/n0t-7h1s-t1m3,N0T 7H1S T1M3,g♡soiid
303219691,/adminxc/in-the-skyy,In The SKYY,adᵐⁱⁿ
236549118,/beachdaysongs/3eautiful,3eautiful,beachday
258103727,/beachdaysongs/w4st3d,w4st3d,beachday
261687078,/lil-baeblade/ag3,Ag3,Lil' BaeBlade
265115796,/hexmanialabel/stay,Onnanoko - Stay,HEX MANIA
262621743,/pedicure-records/pd-s47-dj-hayai-soap-dj-hayai-rmx,pd-s47: dj hayai - Soap (dj hayai Rmx),PEDICURE RECORDS
263721739,/bubblebadbitch/crush,CRUSH,DJ ✰SISISUPERSTAR✰
237889733,/flyskyrider/coming-home,COMING HOME,SKY RIDER
263459598,/adminxc/wild-tears,Wild Tears,adᵐⁱⁿ
266101050,/thehairkid/pocari-freakz,POCARI FREAKZ,The Hair Kid
257999367,/sammyseagull/feathers-everywhere,Feathers Everywhere,Sammy Seagull
281001306,/iamelixabeth/booty-call-feat-myke-valley,booty call (feat. Myke Valley),ELIXABETH
280622194,/goodenuff/oh-boy-donatachi-bunny-island-feat-mallrat,Oh Boy & Donatachi - Bunny Island (feat. Mallrat),Good Enuff
201948378,/japanet/jack-guy-just-be-friend,JACK GUY - Just Be Friend ã�Šå�‹é�”ã�§ã�„ã�¾ã�—ã‚‡ã�†,JAPANET
330248685,/goodenuff/henrik-the-artist-favorite-girl,Henrik the Artist - Favorite Girl,Good Enuff
278407393,/not-rave-toolz/notrave17,GHOZT - NOT A RAVE TOOL 17,NOT RAVE TOOLZ
280499108,/not-rave-toolz/notrave19,DJ eSPORTS - NOT A RAVE TOOL 19,NOT RAVE TOOLZ
254801271,/nlvrecords/nina-las-vegas-ezy,Nina Las Vegas - EZY,NLV Records
332731313,/2tonedisco/hold-me-1,Hold Me,2ToneDisco
267878565,/hikeii/beautiful-now,beautiful now,@hikeii
332897538,/hikeii/u-da-1,U DA 1,@hikeii
332030072,/uprisemusicofficial/major-minor-everything-around-us-feat-johanna-jayden,Major Minor - Everything Around Us Feat. Johanna & Jayden,Uprise Music
260397322,/ravetoolz/rave-tool-33,CHRIS BUSHNELL X ROWLAND EVANS - SHE ALL ABOUT (KITTYNXC BOOTLEG),RAVE TOOLZ
323057772,/colate_ll/luvcharm,Lolica Tonica - Luv charm ft. Yura Mari (colate remix),colate
307725334,/gasoiid/callingonyou,callÎ¹Î·g âœ† (gâ™¡soiid x beachday x fallen shrine),gâ™¡soiid
240676146,/starfin/w4it,w4it,STARFIN
318916734,/kyubae/breaking-hearts,breaking <3s,kyubae
301309981,/cooltweens/sexual,sexual,cool âœ¨ tweens
304345063,/cooltweens/mad-about-you,mad about you,cool ✨ tweens
324379123,/lil-baeblade/ex_dee,_ex_dee,Lil' BaeBlade
276538032,/lil-baeblade/katchinon,KatchinOn,Lil' BaeBlade
231856273,/lil-baeblade/slumber-party-ft-signoffline,Slumber Party ft sign offline,Lil' BaeBlade
314330693,/nonstopnxc/nxc075,NXC075 - S P A C E B O I - Take Me There,NON STOP NXC®
328383972,/nonstopnxc/nxc087,NXC087 - FAN FICTION - rucku5,NON STOP NXCÂ®
257635952,/milespurrhournxc/sw333t,Sw333t,Miles Purr Hour NXC
269384268,/160club/s003,EMMA - ALREADY HEARD,160 CLUB
266624998,/not-rave-toolz/ghozt-not-a-rave-tool-07,GHOZT - NOT A RAVE TOOL 07,NOT RAVE TOOLZ
306270631,/similar-outskirts/nanamori-remix,Kotori - Nanamori (Similar Outskirts Remix),Similar Outskirts
268201992,/lasting-2/you-and-me,You And Me,Lasting
280236690,/minttunes/mt11,Ryan Harvey Ft. Stevyn - Angel of Light,Mint Tunes
296097252,/minttunes/m0029,Jacek Izydorek - Mr. J [Mint Tunes & Pure Gold Records],Mint Tunes
298977615,/minttunes/m0033,PRBLMS - In Your Eyes,Mint Tunes
313649671,/minttunes/m0043,NOREMAC - Get Away,Mint Tunes
323406202,/rvdymusic/soulless,RVDY - Soulless,RVDY
321651061,/goodenuff/myrne-i-know-feat-awoltalk,MYRNE - I Know (feat. Awoltalk),Good Enuff
322905676,/sleepycatt/bow,Pure100% & Sammy Seagull & SLEEPYCATT - Bow Dicka Wow Wow,SLEEPYCATT
285834464,/velkrolabel/henrik-the-artist-peddi-max,Henrik the Artist - Peddi Max,Velkro
315941801,/wearegalantis/rich-boy-zack-martino-remix,Rich Boy (Zack Martino Remix),Galantis
315542036,/galwarobootlegz/lemonade-remix,Alexandra Stan - Lemonade (Galwaro x DOPEDROP Remix),Producer Essentials White
252866393,/ednxc/redy-1,REΛDY,FSTVΛL
300886739,/tkrism/mentaicosmicvip,ã‚�ã‚“ã�Ÿã�„ã‚³ã‚ºãƒŸãƒƒã‚¯ (feat. nicamoq) [VIP],Yunomi
251859044,/nxcmansion/wo-u,beachday - w/o u,NXC MANSION
246247178,/hikeii/said-the-sky-ft-diamond-eyes-mountains-keii-edit,said the sky // mountains |@hikeii flip|,@hikeii
249948843,/coy-peach/far-away-nxc,Far,Coy Peach
247530585,/bacchus_f/p1ck-me,pick me!â™¡,taurine 1000
164884901,/ryanhemsworth/cream-soda-with-tomggg,Cream Soda (with Tomggg),Ryan Hemsworth
272150434,/813beats/maroon-5-sugar-813-remix,Maroon 5 - Sugar ( 813 Remix ),813BEATS
210661880,/tacoemoji/belong,belong,tacoemoji
219805532,/tacoemoji/lush,Iush Iife,tacoemoji
218291735,/tacosafterdark/ignition-do-u,ignition do u,tacosafterdark
207427816,/tacosafterdark/awoo,awoo,tacosafterdark
249757670,/imchoma/i-cant-even-remember-this-time-of-my-life,i can't even remember this time of my life,choma.
258005312,/djwipeoutnxc/wtf,wtf,dj wipeout
292118848,/813/813-idk,813 - Idk ( free dl ),Eight One Three ğŸ�­
209959573,/japanet/dj-wipeout-real-joy,DJ WIPEOUT - Real Joy リアルジョイ,JAPANET
165897602,/shhsecretsongs/swick-lewis-cancut-wishes-ft-tkay-maidza,Swick & Lewis Cancut - Wishes (ft. Tkay Maidza),Secret Songs
291340607,/goodenuff/landis-merry-ground,Landis - Merry Ground,Good Enuff
292113822,/goodenuff/gillepsy-young-warriors,Gillepsy - Young Warriors,Good Enuff
221295727,/tkrism/yumenaa,夢でまたあえたらなあ (feat. nicamoq),Yunomi
271859778,/tkrism/wakuseirabbit,惑星ラビット (feat. TORIENA),Yunomi
152941125,/tkrism/yunomicteatime,ゆのみっくにお茶して (feat. nicamoq),Yunomi
287295442,/tkrism/otogibanashi,ã�Šã�¨ã��ã‚™è©±ã�®æ—¥ã€… (feat. nicamoq),Yunomi
289358653,/whethan/whenimdown,Whethan VS  Oliver Tree - When I'm Down,Whethan
289742685,/electrostepnetwork/shesaid,Dirty Zblu & Brasart - She Said [Electrostep Network EXCLUSIVE],Electrostep Network
290164325,/minttunes/mt14,Evix - Something New,Mint Tunes
289349953,/brednbutterrec/in-heaven-2night,Atik - In Heaven 2Night,brednbutter
283474390,/miii/amunoa-ultra-midi-miii-bootleg,AMUNOA - Ultra MIDI (Miii Bootleg),Miii
285944363,/miii/sweet-love-vip,Sweet Love VIP,Miii
272759262,/813/813-save-the-lights,813 - Save The Lights,Eight One Three ğŸ�­
283738320,/remixes-by-gawtbass/gawtbass-the-greatest,Sia - The Greatest (GAWTBASS Remix),Gawtbass Remixes
281819455,/fransisderelle/closer,The Chainsmokers - Closer Ft. Halsey (Hearts x Fransis Derelle x Convex Remix Ft. Dustin Cook),Fransis Derelle
281962881,/banvox/high-and-grab,High And Grab (Original Mix),banvox
271265823,/sharp-sounds/daylight,GSPR & Aumon - Daylight,Sharp Sounds
278846501,/minttunes/mt9,BEAUZ, Luke Anders - Electric Hearts,Mint Tunes
279862775,/gillchang/ember-island-x-radio-head-creep-gill-chang-remixnest-hq-premiere,ember island x radio head - creep (gill chang remix) [NEST HQ Premiere],Gill Chang
281967981,/spaceracedjs/alone,marshmello - alone (space race remix),Space Race
282404122,/miii/cutie,Cutie,Miii
281866263,/wearegraves/graves-maazel-lost-boys,graves & Maazel - Lost Boys,graves
278344425,/augmentedmusicnet/gspr-deepitback-sandcastle-original-mix,GSPR & DeepItBack - Sandcastle (Original Mix),Augmented Music
280670580,/hytydremixs/cash-cash-millionaire-ft-nelly-hytyd-remix,Cash Cash - Millionaire feat. Nelly (HYTYD Remix),HYTYD
281040471,/bugloud/city-lights-remix,HyperJuice - City Lights feat. EVO+, Jinmenusagi (bugloud remix),BUGLOUD
280383002,/coolwaterset/coolwater-set-dubs-up-ft-problem-whitney-phillips-2,Coolwater Set - Dub's Up ft. Problem & Whitney Phillips,Coolwater Set
278356112,/mkjaff/goldenplateremix,Olivera - Golden Plate (MKJ Remix),MKJ
278848344,/goodenuff/kiwi-sugar-panic-813-remix,KiWi - Sugar Panic (813 remix),Good Enuff
278674733,/minttunes/mt8,Soflex - Break x Walls,Mint Tunes
278463401,/n3onpills/porter-robinson-x-madeon-shelter-gill-chang-edit,porter robinson x madeon - shelter (gill chang edit),n3on pills
277980266,/whethan/canthide,Can't Hide (feat. Ashe),Whethan
219411332,/djwipeoutnxc/2-times,2 times,dj wipeout
275932761,/coyotekisses/waiting-for-you-feat-madison-love,waiting for you feat. madison love,coyote kisses
272548316,/nlvrecords/nina-las-vegas-substitute-feat-swick,Nina Las Vegas - Substitute (feat. Swick),NLV Records
273186774,/chill/metsa-trails,metsÃ¤ - Trails,chinchilla
273422458,/cosmosmidnight/goldlink-dark-skin-women-cosmos-midnight-x-swindail-remix,GoldLink - Dark Skin Women (Cosmo's Midnight x Swindail Remix),Cosmo's Midnight
203052786,/djwipeoutnxc/star-guitar,star guitar,dj wipeout
215936539,/lil-baeblade/evrlvsting-luv-ft-crapface,EVRLVSTING LUV Ft. CRAPFACE,Lil' BaeBlade
268383074,/iamkozmoz/ookay-thief-kozmoz-remix-1,Ookay - Thief (KOZMOZ Remix),KOZMOZ ☄️
170043985,/vindata/camden-arc-is-it-good-to-you-vindata-remix,Camden Arc - Is It Good To You (Vindata Remix),Vindata
266966600,/riseasone/champagne-drip-open-your-eyes,Champagne Drip - Open Your Eyes,Rise As One
265701744,/lucianofficial/lucian-follow-feat-sleeper,Lucian - Follow (feat. Sleeper),Lucian
263967250,/bkayeofficial/cruel-youth-mr-watson-bkaye-remix-1,Cruel Youth - Mr. Watson (BKAYE Remix),BKAYE
264307727,/coolights/someone-to-call,Coolights - Someone to Call,Coolights
201881953,/foreignfamily/aftergold,Big Wild - Aftergold,Foreign Family Collective
260370107,/morethanrecs/sia-cheap-thrills-damned-x-jakoban-remix,Sia - Cheap Thrills (Damned x Jakoban Remix),More Than Records
256777076,/notyourdope/bring-back-the-summer-remix,Bring Back The Summer (Not Your Dope Remix),NOT YOUR DOPE
217833007,/tacoemoji/ignitiondou,ignition do u...,tacoemoji
215787834,/nightcorey/stay,Stay,nightcorey
217004244,/nitecorp/paul-lutz-cheerleader,Paul Lutz - Cheerleader,NITE CORP.
251854808,/iamveryrandom/tuyosou,丸の内サディスティック (House Flip),snaily
250976060,/laclinicarecs/los-dutis-barrio-loco-original-bass,Los Dutis - Barrio Loco (Original BAss),La Clinica Recs
248289438,/yultron-vip/riri-work-feat-drizzy-ookay-x-yultron-remix,RiRi - Werk Feat. Drizzy (Ookay x Yultron Remix),YULTRON's Other Page
215511773,/deltaheavyuk/delta-heavy-ghost-zomboy-remix,Delta Heavy - Ghost (Zomboy Remix) [Nest HQ Premiere],DELTÎ” HEÎ”VY
202050618,/activia-benz/henrik-the-artist-perfect-workout,SC017 Henrik the Artist - Perfect Workout,Activia Benz
248360843,/elysianrecords/stelouse-myrne-call-me,StayLoose & MYRNE - Call Me,Elysian Records
248666248,/onlyclassy/louis-the-child-its-strange-ft-kflaybolivard-remix,Louis The Child | It's Strange (Ft. K.Flay){Bolivard Remix},Classy Records
245457220,/813/813-toy-soldiers-free-wav-dl,813 - Toy Soldiers ( FREE WAV DL ),Eight One Three ğŸ�­
243773799,/813/human-813-flip,Nicky Romero & Zedd feat. Liz - Human ( 813 Flip ),Eight One Three ğŸ�­
243868441,/absrdst/kors-k-flip-flap-absrdst-remix1,Kors K - Flip Flap (ABSRDST Flap),ABSRDST
245468517,/nlvrecords/nlv-now-or-never-feat-cz-and-swick,Nina Las Vegas - Now Or Never (feat. C.Z. And Swick),NLV Records
245751108,/edm/mat-zo-soul-food-premiere,Mat Zo - Soul Food [Premiere],EDM.com
247977736,/laclinicarecs/chavalo-x-lecrop-fea-original-bass,Chavalo X Lecrop - Fea (Original BAss),La Clinica Recs
247663471,/telykast/burnfast,BRYCE FOX - BURN FAST (TELYKast REMIX),TELYKast
246734674,/atikmusic/tha-trickaz-creaky-jackals-og-purp-atik-remix,Tha Trickaz & Creaky Jackals - OG Purp (Atik Remix),Atik ðŸ‘»
244176343,/gillchangvip/flume-never-be-like-you-feat-kai-gill-chang-edit,flume - never be like you feat. kai (gill chang edit),gill chang VIP
244428710,/owslaofficial/g-buck-bob,G-Buck -  B.O.B.,OWSLA
242674480,/the-bay/dgto-on-on-ft-chuck-new-mattanoll-remix,DGTO - On & On ft. Chuck New (Mattanoll Remix),Weekend Vibes
237525630,/otodayosupa/clozee-red-forest,CloZee - Red Forest,OTODAYO Sūpa
231951364,/banvox/watch-me,Watch Me (Original Mix) [Google Android TV Commercial],banvox
233627052,/dailydeep/troye-sivan-wild-hibell-remix,Troye Sivan - Wild (Hibell Remix),Daily Deep
232435384,/maddecent/nghtmre-boombox-cartel-aftershock,NGHTMRE & Boombox Cartel  - Aftershock,Mad Decent
206512916,/banvox/summer-original-mix,Summer (Original Mix),banvox
225358629,/cmcsmusic/untilthemorning,Kris Kross Amsterdam & CHOCO - Until The Morning (CMC$ Remix),CMC$
224123496,/thijs-b-1/kings-justice-fade-thijs-bos-remix,King's Justice - Fade (Thijs Bos Remix),Thijs bos
130827692,/julian-benasis/benasis-do-it-like-i-do,Benasis-Do It Like I Do,Benasis
222961600,/dubstep/tucker-kreway-dont-you-know-premiere,Tucker Kreway - Don't You Know [Premiere],Dubstep
187034444,/goodnightcody/konami-code,Konami Code,Goodnight Cody
181052013,/bearsonmusic/pink-medicine,Pink Medicine,Bearson
219126921,/813/tropical-dreams,813 - Tropical Dreams,Eight One Three ğŸ�­
217875231,/trekkie-trax/mavis-bacon-into-the-neon,MAVIS BACON - Into the Neon,TREKKIE TRAX
207386375,/iampools/tables-and-chairs,tables and chairs,pools
213520184,/merkandkremont/jason-derulo-want-to-want-me-merk-kremont-remix,Jason Derulo - Want To Want Me (Merk & Kremont Remix),Merk & Kremont
212795317,/activia-benz/sc022-diveo-ferris-wheel,SC022 Diveo - Ferris Wheel,Activia Benz
211403926,/trekkie-trax/kan-takahiko-nrg-masayoshi-iimori-remixnest-hq-premiere,KAN TAKAHIKO - NRG (Masayoshi Iimori Remix) [Nest HQ Premiere],TREKKIE TRAX
208610167,/deep-chills/aintnosunshine,SIMIOLI & PROVENZANO FEAT. SCARLET - Ain't No Sunshine (Deep Chills Remix) OUT NOW,Deep Chills
209542601,/kaskade/kaskade-never-sleep-alone-louis-the-child-remix,Kaskade - Never Sleep Alone (Louis The Child Remix),Kaskade
206358413,/masayoshi-iimori/namakopuri-japantrekkie-trax-mix,ãƒŠãƒ�ã‚³ãƒ•ã‚šãƒª(Namakopuri) - ã�‚ã�£ã�Ÿã‚‰ã�„ã�„ã�ªJAPAN(Masayoshi Iimori From TREKKIE TRAX Mix) [OUT NOW],Masayoshi Iimori
206205050,/maltine-record/hercelottomggg-greengum,Hercelot Ã— Tomggg - GREENGUM,Maltine Records
206086011,/sodaisland/ramzoid-turtle-theme,Ramzoid - Turtle Theme,Soda Island
193468404,/kissmebass/pizza-ending,Pizza Ending,Cola Splash
204139806,/kissmebass/takosu-gorilla,Tacosu Gorilla,Cola Splash
205128948,/kissmebass/sugar-star,Sugar Star,Cola Splash
204202394,/wearemittens/otto-knows-million-voices-mittens-stellar-rework,Million Voices (Mittens X Stellar Rework) - Otto Knows,Mittens
203282935,/dj_amps/perc-blast,Perc Blast (Refix),DJ Amps
131653269,/813/love-inflation-feat-janne,Kraak Smaak - Love Inflation (feat. Janne Schra) ( 813 Remix ) FREE DL,Eight One Three ğŸ�­
165060237,/813/813-tattoos-on-my-heart,813 - Tattoos On My Heart,Eight One Three ğŸ�­
172174007,/maddecent/813-party-diving,813 - Party Diving,Mad Decent
204165503,/trekkie-trax/snails-house-kirara,Snail's House - Kirara,TREKKIE TRAX
203462643,/essential_music/ricky-mears-thts-wht-frnds-r-4,Ricky Mears - thts wht frnds r 4 [EDM.com Exclusive],Essential Music
202598284,/nor_sc/nor-fantasy,Fantasy,Nor
202401419,/the-bay/bag-raiders-shooting-stars,Bag Raiders - Shooting Stars (POOLCLVB cover),Weekend Vibes
201680343,/ujico/snails-house-2000follwers-free-download,Snail's House - コイイロベリー [2k followers free download!],Ujico*/Snail's House
202021642,/ujico/snails-house-ma-chouchoute-free-dl,Ma Chouchoute,Ujico*/Snail's House
173414338,/killthenoise/kill-the-noise-feed-me-far-away,Feed Me & Kill The Noise - "Far Away",Kill The Noise
141394744,/killthenoise/skrillex-kill-the-noise-fatman,Recess - Skrillex, Kill The Noise & Fatman Scoop,Kill The Noise
194945593,/just-chill-out/aperture-sound-one-step-ahead,Aperture Sound - One Step Ahead,Just Chill Out.
198435005,/hyleo/whispy-wollygon,Whispy (w/ Ollygon),hyleo
202355559,/eukaryotarecords/james-landino-neo-sakura-zone-original-mix-free-download,James Landino - Neo Sakura Zone (Original Mix) [FREE DOWNLOAD],Eukaryota
198895477,/imchoma/emojinal-vip-w-earle,emojinal vip [w/earle],choma.
198127164,/fabelle-music/zedd-clarity-fabelle-remix,Fabelle - Clarity (BUY=FREE DL),Fabelle
196496186,/dondiablo/don-diablo-ft-maluca-my-window,Don Diablo ft. Maluca - My Window,Don Diablo
196343730,/slanderofficial/gud-vibrations,NGHTMRE & SLANDER - GUD VIBRATIONS,SLANDER
194045829,/lucalush/keith-ape-it-g-ma-luca-lush-remix,IT G MA,ʟᴜᴄᴀ ʟᴜsʜ
195011560,/hardstyle/atmozfears-restart,Atmozfears - Restart,Hardstyle
194597446,/just-a-gent/pureimagination,Pure Imagination,Just A Gent
194198237,/itsmarkjohns/mark-johns-5-south-prod-alexander-lewis-ft-brasstracks-1,Mark Johns - 5 South (Prod. Alexander Lewis) Ft. Brasstracks,itsmarkjohns
194009852,/wearelostkings/ghost-lost-kings-remix,Halsey - Ghost (Lost Kings Remix),Lost Kings
191446044,/yelle/moteur-action-sophie-agcook-remix,MOTEUR ACTION (SOPHIE & A. G. Cook Remix),YELLE
192999750,/monstercat/wrld-see-you,WRLD & Richard Caddock - See You,Monstercat
133044264,/samgellaitry/waiting-so-long,waiting so long,sam gellaitry
193478241,/trekkie-trax/mavis-bacon-overbaked,MAVIS BACON - #OVERBAKED,TREKKIE TRAX
192820742,/illeniumofficial/phoebe-ryan-mine-illenium-remix,Phoebe Ryan - Mine (Illenium Remix),ILLENIUM
192816142,/louis-vivet-music/save-tonight-nigel-good-remix-1,Save Tonight (Nigel Good Remix),Louis Vivet
164873449,/itsmelvv/mirror,Cashmere Cat - Mirror Maru (Melvv Bootleg),MELVV
190359498,/papercranecollective/diveo-i-want-to-be-your-friend-dzz-remix,Diveo - I Want to Be Your Friend (DZZ Remix),PAPER CRANE
192454030,/mrsuicidesheep/jpb-mendum-feelings,JPB & Mendum - Feelings,MrSuicideSheep
192680022,/juizify/maturbo-kioku,Maturbo - Kioku,Juizify
192191512,/electrostepnetwork/husky-funcat-esn,Husky - Funcat [Electrostep Network FREEBIE],Electrostep Network
191790407,/itspusher/borgeous-shaun-frank-this-could-be-love-pusher-flip-1,Borgeous & Shaun Frank - This Could Be Love (Pusher Flip),PUSHER
190981816,/otodayoruki/gill-chang-reminisce-otoruki003,Gill Chang - Reminisce,OTODAYO RÅ«kÄ«
187485864,/henrik-the-artist/heven-henrik-the-artists-remix,Heven (Henrik the Artist's Remix),Henrik the Artist
191292992,/airiamusic/loveme,Love Me (Airia Remix),Airia
190836123,/itsnotsorry/hitrewindremix,Hydraulix & PhaseOne - Hit Rewind (not sorry Remix),not sorry
189807965,/martingarrix/martin-garrix-forbidden-voices,Martin Garrix - Forbidden Voices,Martin Garrix
187001816,/epais/ed-sheeran-dont-epais-remix,Épais - Don't,Épais
99508334,/maltine-record/hercelot-kit-kat-fat-cat-chat,Hercelot - kit kat fat cat chat,Maltine Records
